2026-04-15 23:56:55,150 - mcp.server.lowlevel.server - DEBUG - [server.py:145] - Initializing server 'UnrealMCP_Advanced'
2026-04-15 23:56:55,151 - mcp.server.lowlevel.server - DEBUG - [server.py:384] - Registering handler for ListToolsRequest
2026-04-15 23:56:55,151 - mcp.server.lowlevel.server - DEBUG - [server.py:406] - Registering handler for CallToolRequest
2026-04-15 23:56:55,151 - mcp.server.lowlevel.server - DEBUG - [server.py:252] - Registering handler for ListResourcesRequest
2026-04-15 23:56:55,151 - mcp.server.lowlevel.server - DEBUG - [server.py:286] - Registering handler for ReadResourceRequest
2026-04-15 23:56:55,151 - mcp.server.lowlevel.server - DEBUG - [server.py:222] - Registering handler for PromptListRequest
2026-04-15 23:56:55,159 - mcp.server.lowlevel.server - DEBUG - [server.py:239] - Registering handler for GetPromptRequest
2026-04-15 23:56:55,160 - mcp.server.lowlevel.server - DEBUG - [server.py:267] - Registering handler for ListResourceTemplatesRequest
2026-04-15 23:56:55,543 - UnrealMCP_Advanced - INFO - [unreal_mcp_server_advanced.py:4845] - Starting Advanced MCP server with stdio transport
2026-04-15 23:56:55,563 - asyncio - DEBUG - [proactor_events.py:633] - Using proactor: IocpProactor
2026-04-15 23:56:55,580 - UnrealMCP_Advanced - INFO - [unreal_mcp_server_advanced.py:510] - UnrealMCP Advanced server starting up
2026-04-15 23:56:55,580 - UnrealMCP_Advanced - INFO - [unreal_mcp_server_advanced.py:511] - Connection will be established lazily on first tool call
2026-04-15 23:56:55,589 - UnrealMCP_Advanced - INFO - [unreal_mcp_server_advanced.py:451] - Unreal connection reset
2026-04-15 23:56:55,590 - UnrealMCP_Advanced - INFO - [unreal_mcp_server_advanced.py:517] - Unreal MCP Advanced server shut down
2026-04-16 00:10:26,163 - mcp.server.lowlevel.server - DEBUG - [server.py:145] - Initializing server 'UnrealMCP_Advanced'
2026-04-16 00:10:26,165 - mcp.server.lowlevel.server - DEBUG - [server.py:384] - Registering handler for ListToolsRequest
2026-04-16 00:10:26,165 - mcp.server.lowlevel.server - DEBUG - [server.py:406] - Registering handler for CallToolRequest
2026-04-16 00:10:26,165 - mcp.server.lowlevel.server - DEBUG - [server.py:252] - Registering handler for ListResourcesRequest
2026-04-16 00:10:26,165 - mcp.server.lowlevel.server - DEBUG - [server.py:286] - Registering handler for ReadResourceRequest
2026-04-16 00:10:26,165 - mcp.server.lowlevel.server - DEBUG - [server.py:222] - Registering handler for PromptListRequest
2026-04-16 00:10:26,165 - mcp.server.lowlevel.server - DEBUG - [server.py:239] - Registering handler for GetPromptRequest
2026-04-16 00:10:26,165 - mcp.server.lowlevel.server - DEBUG - [server.py:267] - Registering handler for ListResourceTemplatesRequest
2026-04-16 00:10:27,082 - UnrealMCP_Advanced - INFO - [unreal_mcp_server_advanced.py:4845] - Starting Advanced MCP server with stdio transport
2026-04-16 00:10:27,099 - asyncio - DEBUG - [proactor_events.py:633] - Using proactor: IocpProactor
2026-04-16 00:10:27,106 - UnrealMCP_Advanced - INFO - [unreal_mcp_server_advanced.py:510] - UnrealMCP Advanced server starting up
2026-04-16 00:10:27,106 - UnrealMCP_Advanced - INFO - [unreal_mcp_server_advanced.py:511] - Connection will be established lazily on first tool call
2026-04-16 00:10:27,119 - mcp.server.lowlevel.server - DEBUG - [server.py:491] - Received message: root=InitializedNotification(method='notifications/initialized', params=None, jsonrpc='2.0')
2026-04-16 00:10:27,122 - mcp.server.lowlevel.server - DEBUG - [server.py:491] - Received message: <mcp.shared.session.RequestResponder object at 0x00000220C0DC3390>
2026-04-16 00:10:27,123 - mcp.server.lowlevel.server - INFO - [server.py:534] - Processing request of type ListToolsRequest
2026-04-16 00:10:27,123 - mcp.server.lowlevel.server - DEBUG - [server.py:537] - Dispatching request of type ListToolsRequest
2026-04-16 00:10:27,159 - mcp.server.lowlevel.server - DEBUG - [server.py:572] - Response sent
2026-04-16 00:10:56,853 - UnrealMCP_Advanced - INFO - [unreal_mcp_server_advanced.py:451] - Unreal connection reset
2026-04-16 00:10:56,853 - UnrealMCP_Advanced - INFO - [unreal_mcp_server_advanced.py:517] - Unreal MCP Advanced server shut down
2026-04-16 00:10:59,996 - mcp.server.lowlevel.server - DEBUG - [server.py:145] - Initializing server 'UnrealMCP_Advanced'
2026-04-16 00:10:59,996 - mcp.server.lowlevel.server - DEBUG - [server.py:384] - Registering handler for ListToolsRequest
2026-04-16 00:10:59,996 - mcp.server.lowlevel.server - DEBUG - [server.py:406] - Registering handler for CallToolRequest
2026-04-16 00:10:59,997 - mcp.server.lowlevel.server - DEBUG - [server.py:252] - Registering handler for ListResourcesRequest
2026-04-16 00:10:59,997 - mcp.server.lowlevel.server - DEBUG - [server.py:286] - Registering handler for ReadResourceRequest
2026-04-16 00:10:59,997 - mcp.server.lowlevel.server - DEBUG - [server.py:222] - Registering handler for PromptListRequest
2026-04-16 00:10:59,997 - mcp.server.lowlevel.server - DEBUG - [server.py:239] - Registering handler for GetPromptRequest
2026-04-16 00:10:59,997 - mcp.server.lowlevel.server - DEBUG - [server.py:267] - Registering handler for ListResourceTemplatesRequest
2026-04-16 00:11:00,412 - UnrealMCP_Advanced - INFO - [unreal_mcp_server_advanced.py:4845] - Starting Advanced MCP server with stdio transport
2026-04-16 00:11:00,421 - asyncio - DEBUG - [proactor_events.py:633] - Using proactor: IocpProactor
2026-04-16 00:11:00,426 - UnrealMCP_Advanced - INFO - [unreal_mcp_server_advanced.py:510] - UnrealMCP Advanced server starting up
2026-04-16 00:11:00,427 - UnrealMCP_Advanced - INFO - [unreal_mcp_server_advanced.py:511] - Connection will be established lazily on first tool call
2026-04-16 00:11:02,175 - mcp.server.lowlevel.server - DEBUG - [server.py:491] - Received message: root=InitializedNotification(method='notifications/initialized', params=None, jsonrpc='2.0')
2026-04-16 00:11:02,177 - mcp.server.lowlevel.server - DEBUG - [server.py:491] - Received message: <mcp.shared.session.RequestResponder object at 0x000002391DA33390>
2026-04-16 00:11:02,177 - mcp.server.lowlevel.server - INFO - [server.py:534] - Processing request of type ListToolsRequest
2026-04-16 00:11:02,177 - mcp.server.lowlevel.server - DEBUG - [server.py:537] - Dispatching request of type ListToolsRequest
2026-04-16 00:11:02,205 - mcp.server.lowlevel.server - DEBUG - [server.py:572] - Response sent
2026-04-16 00:11:19,697 - UnrealMCP_Advanced - INFO - [unreal_mcp_server_advanced.py:451] - Unreal connection reset
2026-04-16 00:11:19,697 - UnrealMCP_Advanced - INFO - [unreal_mcp_server_advanced.py:517] - Unreal MCP Advanced server shut down
2026-04-16 00:13:37,648 - mcp.server.lowlevel.server - DEBUG - [server.py:145] - Initializing server 'UnrealMCP_Advanced'
2026-04-16 00:13:37,648 - mcp.server.lowlevel.server - DEBUG - [server.py:384] - Registering handler for ListToolsRequest
2026-04-16 00:13:37,648 - mcp.server.lowlevel.server - DEBUG - [server.py:406] - Registering handler for CallToolRequest
2026-04-16 00:13:37,648 - mcp.server.lowlevel.server - DEBUG - [server.py:252] - Registering handler for ListResourcesRequest
2026-04-16 00:13:37,648 - mcp.server.lowlevel.server - DEBUG - [server.py:286] - Registering handler for ReadResourceRequest
2026-04-16 00:13:37,648 - mcp.server.lowlevel.server - DEBUG - [server.py:222] - Registering handler for PromptListRequest
2026-04-16 00:13:37,648 - mcp.server.lowlevel.server - DEBUG - [server.py:239] - Registering handler for GetPromptRequest
2026-04-16 00:13:37,648 - mcp.server.lowlevel.server - DEBUG - [server.py:267] - Registering handler for ListResourceTemplatesRequest
2026-04-16 00:13:37,836 - UnrealMCP_Advanced - INFO - [unreal_mcp_server_advanced.py:4845] - Starting Advanced MCP server with stdio transport
2026-04-16 00:13:37,841 - asyncio - DEBUG - [proactor_events.py:633] - Using proactor: IocpProactor
2026-04-16 00:13:37,843 - UnrealMCP_Advanced - INFO - [unreal_mcp_server_advanced.py:510] - UnrealMCP Advanced server starting up
2026-04-16 00:13:37,844 - UnrealMCP_Advanced - INFO - [unreal_mcp_server_advanced.py:511] - Connection will be established lazily on first tool call
2026-04-16 00:13:37,861 - mcp.server.lowlevel.server - DEBUG - [server.py:491] - Received message: root=InitializedNotification(method='notifications/initialized', params=None, jsonrpc='2.0')
2026-04-16 00:13:37,862 - mcp.server.lowlevel.server - DEBUG - [server.py:491] - Received message: <mcp.shared.session.RequestResponder object at 0x00000178D3913390>
2026-04-16 00:13:37,862 - mcp.server.lowlevel.server - INFO - [server.py:534] - Processing request of type ListToolsRequest
2026-04-16 00:13:37,862 - mcp.server.lowlevel.server - DEBUG - [server.py:537] - Dispatching request of type ListToolsRequest
2026-04-16 00:13:37,874 - mcp.server.lowlevel.server - DEBUG - [server.py:572] - Response sent
2026-04-16 00:32:32,064 - mcp.server.lowlevel.server - DEBUG - [server.py:491] - Received message: <mcp.shared.session.RequestResponder object at 0x00000178D3913250>
2026-04-16 00:32:32,064 - mcp.server.lowlevel.server - INFO - [server.py:534] - Processing request of type CallToolRequest
2026-04-16 00:32:32,065 - mcp.server.lowlevel.server - DEBUG - [server.py:537] - Dispatching request of type CallToolRequest
2026-04-16 00:32:32,065 - UnrealMCP_Advanced - INFO - [unreal_mcp_server_advanced.py:438] - Creating new UnrealConnection instance
2026-04-16 00:32:32,065 - UnrealMCP_Advanced - INFO - [unreal_mcp_server_advanced.py:169] - Connecting to Unreal at 127.0.0.1:55557 (attempt 1/4)...
2026-04-16 00:32:32,065 - UnrealMCP_Advanced - INFO - [unreal_mcp_server_advanced.py:176] - Successfully connected to Unreal Engine
2026-04-16 00:32:32,065 - UnrealMCP_Advanced - INFO - [unreal_mcp_server_advanced.py:384] - Sending command (attempt 1): get_headless_status
2026-04-16 00:32:32,065 - UnrealMCP_Advanced - DEBUG - [unreal_mcp_server_advanced.py:385] - Command payload: {"type": "get_headless_status", "params": {}}...
2026-04-16 00:32:32,360 - UnrealMCP_Advanced - INFO - [unreal_mcp_server_advanced.py:286] - Received complete response (219 bytes) for get_headless_status
2026-04-16 00:32:32,360 - UnrealMCP_Advanced - INFO - [unreal_mcp_server_advanced.py:402] - Command get_headless_status completed successfully
2026-04-16 00:32:32,363 - mcp.server.lowlevel.server - DEBUG - [server.py:572] - Response sent
2026-04-16 00:32:59,126 - mcp.server.lowlevel.server - DEBUG - [server.py:491] - Received message: <mcp.shared.session.RequestResponder object at 0x00000178D38D5E00>
2026-04-16 00:32:59,126 - mcp.server.lowlevel.server - INFO - [server.py:534] - Processing request of type CallToolRequest
2026-04-16 00:32:59,126 - mcp.server.lowlevel.server - DEBUG - [server.py:537] - Dispatching request of type CallToolRequest
2026-04-16 00:32:59,126 - UnrealMCP_Advanced - INFO - [unreal_mcp_server_advanced.py:169] - Connecting to Unreal at 127.0.0.1:55557 (attempt 1/4)...
2026-04-16 00:32:59,143 - UnrealMCP_Advanced - INFO - [unreal_mcp_server_advanced.py:176] - Successfully connected to Unreal Engine
2026-04-16 00:32:59,143 - UnrealMCP_Advanced - INFO - [unreal_mcp_server_advanced.py:384] - Sending command (attempt 1): run_python
2026-04-16 00:32:59,143 - UnrealMCP_Advanced - DEBUG - [unreal_mcp_server_advanced.py:385] - Command payload: {"type": "run_python", "params": {"code": "import unreal, json\n\nasset_path = '/Game/Blueprints/AC_TraversalLogic'\nbp = unreal.load_asset(asset_path)\nif not bp:\n    print('LOAD_FAIL')\n    raise SystemExit\n\nlib = unreal.BlueprintEditorLibrary\n\ndef safe_len(x):\n    try:\n        return len(list(x))\n    except Exception:\n        return -1\n\ngraph_names = ['SetMovementMode','SetReplicationBehavior','SetWarpTargets','TryTraversalAction','EventGraph']\nprint('=== Live Graph Node Counts (P...
2026-04-16 00:33:29,154 - UnrealMCP_Advanced - WARNING - [unreal_mcp_server_advanced.py:336] - Command failed (attempt 1/4): Timeout after 30.0s waiting for response to run_python (received 0 bytes)
2026-04-16 00:33:29,154 - UnrealMCP_Advanced - DEBUG - [unreal_mcp_server_advanced.py:222] - Disconnected from Unreal Engine
2026-04-16 00:33:29,154 - UnrealMCP_Advanced - INFO - [unreal_mcp_server_advanced.py:343] - Retrying command in 0.5s...
2026-04-16 00:33:29,655 - UnrealMCP_Advanced - INFO - [unreal_mcp_server_advanced.py:169] - Connecting to Unreal at 127.0.0.1:55557 (attempt 1/4)...
2026-04-16 00:33:29,655 - UnrealMCP_Advanced - INFO - [unreal_mcp_server_advanced.py:176] - Successfully connected to Unreal Engine
2026-04-16 00:33:29,655 - UnrealMCP_Advanced - INFO - [unreal_mcp_server_advanced.py:384] - Sending command (attempt 2): run_python
2026-04-16 00:33:29,655 - UnrealMCP_Advanced - DEBUG - [unreal_mcp_server_advanced.py:385] - Command payload: {"type": "run_python", "params": {"code": "import unreal, json\n\nasset_path = '/Game/Blueprints/AC_TraversalLogic'\nbp = unreal.load_asset(asset_path)\nif not bp:\n    print('LOAD_FAIL')\n    raise SystemExit\n\nlib = unreal.BlueprintEditorLibrary\n\ndef safe_len(x):\n    try:\n        return len(list(x))\n    except Exception:\n        return -1\n\ngraph_names = ['SetMovementMode','SetReplicationBehavior','SetWarpTargets','TryTraversalAction','EventGraph']\nprint('=== Live Graph Node Counts (P...
2026-04-16 00:33:59,658 - UnrealMCP_Advanced - WARNING - [unreal_mcp_server_advanced.py:336] - Command failed (attempt 2/4): Timeout after 30.0s waiting for response to run_python (received 0 bytes)
2026-04-16 00:33:59,658 - UnrealMCP_Advanced - DEBUG - [unreal_mcp_server_advanced.py:222] - Disconnected from Unreal Engine
2026-04-16 00:33:59,658 - UnrealMCP_Advanced - INFO - [unreal_mcp_server_advanced.py:343] - Retrying command in 1.0s...
2026-04-16 00:34:00,659 - UnrealMCP_Advanced - INFO - [unreal_mcp_server_advanced.py:169] - Connecting to Unreal at 127.0.0.1:55557 (attempt 1/4)...
2026-04-16 00:34:00,682 - UnrealMCP_Advanced - INFO - [unreal_mcp_server_advanced.py:176] - Successfully connected to Unreal Engine
2026-04-16 00:34:00,683 - UnrealMCP_Advanced - INFO - [unreal_mcp_server_advanced.py:384] - Sending command (attempt 3): run_python
2026-04-16 00:34:00,683 - UnrealMCP_Advanced - DEBUG - [unreal_mcp_server_advanced.py:385] - Command payload: {"type": "run_python", "params": {"code": "import unreal, json\n\nasset_path = '/Game/Blueprints/AC_TraversalLogic'\nbp = unreal.load_asset(asset_path)\nif not bp:\n    print('LOAD_FAIL')\n    raise SystemExit\n\nlib = unreal.BlueprintEditorLibrary\n\ndef safe_len(x):\n    try:\n        return len(list(x))\n    except Exception:\n        return -1\n\ngraph_names = ['SetMovementMode','SetReplicationBehavior','SetWarpTargets','TryTraversalAction','EventGraph']\nprint('=== Live Graph Node Counts (P...
2026-04-16 00:34:30,691 - UnrealMCP_Advanced - WARNING - [unreal_mcp_server_advanced.py:336] - Command failed (attempt 3/4): Timeout after 30.0s waiting for response to run_python (received 0 bytes)
2026-04-16 00:34:30,691 - UnrealMCP_Advanced - DEBUG - [unreal_mcp_server_advanced.py:222] - Disconnected from Unreal Engine
2026-04-16 00:34:30,691 - UnrealMCP_Advanced - INFO - [unreal_mcp_server_advanced.py:343] - Retrying command in 2.0s...
2026-04-16 00:34:32,691 - UnrealMCP_Advanced - INFO - [unreal_mcp_server_advanced.py:169] - Connecting to Unreal at 127.0.0.1:55557 (attempt 1/4)...
2026-04-16 00:34:32,692 - UnrealMCP_Advanced - INFO - [unreal_mcp_server_advanced.py:176] - Successfully connected to Unreal Engine
2026-04-16 00:34:32,692 - UnrealMCP_Advanced - INFO - [unreal_mcp_server_advanced.py:384] - Sending command (attempt 4): run_python
2026-04-16 00:34:32,692 - UnrealMCP_Advanced - DEBUG - [unreal_mcp_server_advanced.py:385] - Command payload: {"type": "run_python", "params": {"code": "import unreal, json\n\nasset_path = '/Game/Blueprints/AC_TraversalLogic'\nbp = unreal.load_asset(asset_path)\nif not bp:\n    print('LOAD_FAIL')\n    raise SystemExit\n\nlib = unreal.BlueprintEditorLibrary\n\ndef safe_len(x):\n    try:\n        return len(list(x))\n    except Exception:\n        return -1\n\ngraph_names = ['SetMovementMode','SetReplicationBehavior','SetWarpTargets','TryTraversalAction','EventGraph']\nprint('=== Live Graph Node Counts (P...
2026-04-16 00:35:02,692 - UnrealMCP_Advanced - WARNING - [unreal_mcp_server_advanced.py:336] - Command failed (attempt 4/4): Timeout after 30.0s waiting for response to run_python (received 0 bytes)
2026-04-16 00:35:02,692 - UnrealMCP_Advanced - DEBUG - [unreal_mcp_server_advanced.py:222] - Disconnected from Unreal Engine
2026-04-16 00:35:02,692 - mcp.server.lowlevel.server - DEBUG - [server.py:572] - Response sent
2026-04-16 00:35:22,890 - mcp.server.lowlevel.server - DEBUG - [server.py:491] - Received message: <mcp.shared.session.RequestResponder object at 0x00000178D38D55B0>
2026-04-16 00:35:22,890 - mcp.server.lowlevel.server - INFO - [server.py:534] - Processing request of type CallToolRequest
2026-04-16 00:35:22,890 - mcp.server.lowlevel.server - DEBUG - [server.py:537] - Dispatching request of type CallToolRequest
2026-04-16 00:35:22,890 - UnrealMCP_Advanced - INFO - [unreal_mcp_server_advanced.py:169] - Connecting to Unreal at 127.0.0.1:55557 (attempt 1/4)...
2026-04-16 00:35:22,891 - UnrealMCP_Advanced - INFO - [unreal_mcp_server_advanced.py:176] - Successfully connected to Unreal Engine
2026-04-16 00:35:22,891 - UnrealMCP_Advanced - INFO - [unreal_mcp_server_advanced.py:384] - Sending command (attempt 1): execute_unreal_python
2026-04-16 00:35:22,891 - UnrealMCP_Advanced - DEBUG - [unreal_mcp_server_advanced.py:385] - Command payload: {"type": "execute_unreal_python", "params": {"python_script_or_patch": "import unreal, json\n\nasset_path = '/Game/Blueprints/AC_TraversalLogic'\nbp = unreal.load_asset(asset_path)\nif not bp:\n    print('LOAD_FAIL')\n    raise RuntimeError('failed to load blueprint')\n\nlib = unreal.BlueprintEditorLibrary\n\ndef safe_len(x):\n    try:\n        return len(list(x))\n    except Exception:\n        return -1\n\ngraph_names = ['SetMovementMode','SetReplicationBehavior','SetWarpTargets','TryTraversal...
2026-04-16 00:35:58,982 - UnrealMCP_Advanced - INFO - [unreal_mcp_server_advanced.py:286] - Received complete response (475850 bytes) for execute_unreal_python
2026-04-16 00:35:58,984 - UnrealMCP_Advanced - INFO - [unreal_mcp_server_advanced.py:402] - Command execute_unreal_python completed successfully
2026-04-16 00:35:58,999 - mcp.server.lowlevel.server - DEBUG - [server.py:572] - Response sent
2026-04-16 00:36:20,027 - mcp.server.lowlevel.server - DEBUG - [server.py:491] - Received message: <mcp.shared.session.RequestResponder object at 0x00000178D3961C70>
2026-04-16 00:36:20,027 - mcp.server.lowlevel.server - INFO - [server.py:534] - Processing request of type CallToolRequest
2026-04-16 00:36:20,027 - mcp.server.lowlevel.server - DEBUG - [server.py:537] - Dispatching request of type CallToolRequest
2026-04-16 00:36:20,027 - UnrealMCP_Advanced - INFO - [unreal_mcp_server_advanced.py:169] - Connecting to Unreal at 127.0.0.1:55557 (attempt 1/4)...
2026-04-16 00:36:20,028 - UnrealMCP_Advanced - INFO - [unreal_mcp_server_advanced.py:176] - Successfully connected to Unreal Engine
2026-04-16 00:36:20,028 - UnrealMCP_Advanced - INFO - [unreal_mcp_server_advanced.py:384] - Sending command (attempt 1): execute_unreal_python
2026-04-16 00:36:20,028 - UnrealMCP_Advanced - DEBUG - [unreal_mcp_server_advanced.py:385] - Command payload: {"type": "execute_unreal_python", "params": {"python_script_or_patch": "import unreal\n\nbp = unreal.load_asset('/Game/Blueprints/AC_TraversalLogic')\nprint('bp_obj=', bp)\nprint('bp_class=', bp.get_class().get_name() if bp else None)\n\nlib = unreal.BlueprintEditorLibrary\nfor name in ['TryTraversalAction','EventGraph']:\n    g = None\n    try:\n        g = lib.find_event_graph(bp) if name=='EventGraph' else lib.find_graph(bp, name)\n    except Exception as e:\n        print(name, 'find_graph_e...
2026-04-16 00:36:53,672 - UnrealMCP_Advanced - INFO - [unreal_mcp_server_advanced.py:286] - Received complete response (478640 bytes) for execute_unreal_python
2026-04-16 00:36:53,674 - UnrealMCP_Advanced - INFO - [unreal_mcp_server_advanced.py:402] - Command execute_unreal_python completed successfully
2026-04-16 00:36:53,688 - mcp.server.lowlevel.server - DEBUG - [server.py:572] - Response sent
2026-04-16 00:37:06,119 - mcp.server.lowlevel.server - DEBUG - [server.py:491] - Received message: <mcp.shared.session.RequestResponder object at 0x00000178D3C20380>
2026-04-16 00:37:06,120 - mcp.server.lowlevel.server - INFO - [server.py:534] - Processing request of type CallToolRequest
2026-04-16 00:37:06,120 - mcp.server.lowlevel.server - DEBUG - [server.py:537] - Dispatching request of type CallToolRequest
2026-04-16 00:37:06,120 - UnrealMCP_Advanced - INFO - [unreal_mcp_server_advanced.py:169] - Connecting to Unreal at 127.0.0.1:55557 (attempt 1/4)...
2026-04-16 00:37:06,120 - UnrealMCP_Advanced - INFO - [unreal_mcp_server_advanced.py:176] - Successfully connected to Unreal Engine
2026-04-16 00:37:06,120 - UnrealMCP_Advanced - INFO - [unreal_mcp_server_advanced.py:384] - Sending command (attempt 1): get_headless_status
2026-04-16 00:37:06,120 - UnrealMCP_Advanced - DEBUG - [unreal_mcp_server_advanced.py:385] - Command payload: {"type": "get_headless_status", "params": {}}...
2026-04-16 00:37:06,421 - UnrealMCP_Advanced - INFO - [unreal_mcp_server_advanced.py:286] - Received complete response (219 bytes) for get_headless_status
2026-04-16 00:37:06,421 - UnrealMCP_Advanced - INFO - [unreal_mcp_server_advanced.py:402] - Command get_headless_status completed successfully
2026-04-16 00:37:06,421 - mcp.server.lowlevel.server - DEBUG - [server.py:572] - Response sent
2026-04-16 00:37:18,057 - mcp.server.lowlevel.server - DEBUG - [server.py:491] - Received message: <mcp.shared.session.RequestResponder object at 0x00000178D344C9E0>
2026-04-16 00:37:18,058 - mcp.server.lowlevel.server - INFO - [server.py:534] - Processing request of type CallToolRequest
2026-04-16 00:37:18,058 - mcp.server.lowlevel.server - DEBUG - [server.py:537] - Dispatching request of type CallToolRequest
2026-04-16 00:37:18,058 - UnrealMCP_Advanced - INFO - [unreal_mcp_server_advanced.py:169] - Connecting to Unreal at 127.0.0.1:55557 (attempt 1/4)...
2026-04-16 00:37:18,059 - UnrealMCP_Advanced - INFO - [unreal_mcp_server_advanced.py:176] - Successfully connected to Unreal Engine
2026-04-16 00:37:18,059 - UnrealMCP_Advanced - INFO - [unreal_mcp_server_advanced.py:384] - Sending command (attempt 1): run_python
2026-04-16 00:37:18,059 - UnrealMCP_Advanced - DEBUG - [unreal_mcp_server_advanced.py:385] - Command payload: {"type": "run_python", "params": {"code": "import unreal\nbp=unreal.load_asset('/Game/Blueprints/AC_TraversalLogic')\nlib=unreal.BlueprintEditorLibrary\nprint('has_get_graph_nodes', hasattr(lib,'get_graph_nodes'))\ng=lib.find_graph(bp,'TryTraversalAction')\nprint('graph', g.get_name() if g else None)\ntry:\n    print('nodes_prop', g.get_editor_property('nodes'))\nexcept Exception as e:\n    print('nodes_prop_exc', e)\n"}}...
2026-04-16 00:37:48,074 - UnrealMCP_Advanced - WARNING - [unreal_mcp_server_advanced.py:336] - Command failed (attempt 1/4): Timeout after 30.0s waiting for response to run_python (received 0 bytes)
2026-04-16 00:37:48,074 - UnrealMCP_Advanced - DEBUG - [unreal_mcp_server_advanced.py:222] - Disconnected from Unreal Engine
2026-04-16 00:37:48,074 - UnrealMCP_Advanced - INFO - [unreal_mcp_server_advanced.py:343] - Retrying command in 0.5s...
2026-04-16 00:37:48,574 - UnrealMCP_Advanced - INFO - [unreal_mcp_server_advanced.py:169] - Connecting to Unreal at 127.0.0.1:55557 (attempt 1/4)...
2026-04-16 00:37:48,600 - UnrealMCP_Advanced - INFO - [unreal_mcp_server_advanced.py:176] - Successfully connected to Unreal Engine
2026-04-16 00:37:48,600 - UnrealMCP_Advanced - INFO - [unreal_mcp_server_advanced.py:384] - Sending command (attempt 2): run_python
2026-04-16 00:37:48,600 - UnrealMCP_Advanced - DEBUG - [unreal_mcp_server_advanced.py:385] - Command payload: {"type": "run_python", "params": {"code": "import unreal\nbp=unreal.load_asset('/Game/Blueprints/AC_TraversalLogic')\nlib=unreal.BlueprintEditorLibrary\nprint('has_get_graph_nodes', hasattr(lib,'get_graph_nodes'))\ng=lib.find_graph(bp,'TryTraversalAction')\nprint('graph', g.get_name() if g else None)\ntry:\n    print('nodes_prop', g.get_editor_property('nodes'))\nexcept Exception as e:\n    print('nodes_prop_exc', e)\n"}}...
2026-04-16 00:38:18,606 - UnrealMCP_Advanced - WARNING - [unreal_mcp_server_advanced.py:336] - Command failed (attempt 2/4): Timeout after 30.0s waiting for response to run_python (received 0 bytes)
2026-04-16 00:38:18,606 - UnrealMCP_Advanced - DEBUG - [unreal_mcp_server_advanced.py:222] - Disconnected from Unreal Engine
2026-04-16 00:38:18,606 - UnrealMCP_Advanced - INFO - [unreal_mcp_server_advanced.py:343] - Retrying command in 1.0s...
2026-04-16 00:38:19,607 - UnrealMCP_Advanced - INFO - [unreal_mcp_server_advanced.py:169] - Connecting to Unreal at 127.0.0.1:55557 (attempt 1/4)...
2026-04-16 00:38:19,607 - UnrealMCP_Advanced - INFO - [unreal_mcp_server_advanced.py:176] - Successfully connected to Unreal Engine
2026-04-16 00:38:19,608 - UnrealMCP_Advanced - INFO - [unreal_mcp_server_advanced.py:384] - Sending command (attempt 3): run_python
2026-04-16 00:38:19,608 - UnrealMCP_Advanced - DEBUG - [unreal_mcp_server_advanced.py:385] - Command payload: {"type": "run_python", "params": {"code": "import unreal\nbp=unreal.load_asset('/Game/Blueprints/AC_TraversalLogic')\nlib=unreal.BlueprintEditorLibrary\nprint('has_get_graph_nodes', hasattr(lib,'get_graph_nodes'))\ng=lib.find_graph(bp,'TryTraversalAction')\nprint('graph', g.get_name() if g else None)\ntry:\n    print('nodes_prop', g.get_editor_property('nodes'))\nexcept Exception as e:\n    print('nodes_prop_exc', e)\n"}}...
2026-04-16 00:38:49,616 - UnrealMCP_Advanced - WARNING - [unreal_mcp_server_advanced.py:336] - Command failed (attempt 3/4): Timeout after 30.0s waiting for response to run_python (received 0 bytes)
2026-04-16 00:38:49,616 - UnrealMCP_Advanced - DEBUG - [unreal_mcp_server_advanced.py:222] - Disconnected from Unreal Engine
2026-04-16 00:38:49,616 - UnrealMCP_Advanced - INFO - [unreal_mcp_server_advanced.py:343] - Retrying command in 2.0s...
2026-04-16 00:38:51,616 - UnrealMCP_Advanced - INFO - [unreal_mcp_server_advanced.py:169] - Connecting to Unreal at 127.0.0.1:55557 (attempt 1/4)...
2026-04-16 00:38:51,631 - UnrealMCP_Advanced - INFO - [unreal_mcp_server_advanced.py:176] - Successfully connected to Unreal Engine
2026-04-16 00:38:51,631 - UnrealMCP_Advanced - INFO - [unreal_mcp_server_advanced.py:384] - Sending command (attempt 4): run_python
2026-04-16 00:38:51,631 - UnrealMCP_Advanced - DEBUG - [unreal_mcp_server_advanced.py:385] - Command payload: {"type": "run_python", "params": {"code": "import unreal\nbp=unreal.load_asset('/Game/Blueprints/AC_TraversalLogic')\nlib=unreal.BlueprintEditorLibrary\nprint('has_get_graph_nodes', hasattr(lib,'get_graph_nodes'))\ng=lib.find_graph(bp,'TryTraversalAction')\nprint('graph', g.get_name() if g else None)\ntry:\n    print('nodes_prop', g.get_editor_property('nodes'))\nexcept Exception as e:\n    print('nodes_prop_exc', e)\n"}}...
2026-04-16 00:39:21,647 - UnrealMCP_Advanced - WARNING - [unreal_mcp_server_advanced.py:336] - Command failed (attempt 4/4): Timeout after 30.0s waiting for response to run_python (received 0 bytes)
2026-04-16 00:39:21,648 - UnrealMCP_Advanced - DEBUG - [unreal_mcp_server_advanced.py:222] - Disconnected from Unreal Engine
2026-04-16 00:39:21,649 - mcp.server.lowlevel.server - DEBUG - [server.py:572] - Response sent
2026-04-16 00:41:10,788 - mcp.server.lowlevel.server - DEBUG - [server.py:491] - Received message: <mcp.shared.session.RequestResponder object at 0x00000178D3C38C50>
2026-04-16 00:41:10,789 - mcp.server.lowlevel.server - INFO - [server.py:534] - Processing request of type CallToolRequest
2026-04-16 00:41:10,789 - mcp.server.lowlevel.server - DEBUG - [server.py:537] - Dispatching request of type CallToolRequest
2026-04-16 00:41:10,789 - UnrealMCP_Advanced - INFO - [unreal_mcp_server_advanced.py:169] - Connecting to Unreal at 127.0.0.1:55557 (attempt 1/4)...
2026-04-16 00:41:10,802 - UnrealMCP_Advanced - INFO - [unreal_mcp_server_advanced.py:176] - Successfully connected to Unreal Engine
2026-04-16 00:41:10,802 - UnrealMCP_Advanced - INFO - [unreal_mcp_server_advanced.py:384] - Sending command (attempt 1): execute_unreal_python
2026-04-16 00:41:10,802 - UnrealMCP_Advanced - DEBUG - [unreal_mcp_server_advanced.py:385] - Command payload: {"type": "execute_unreal_python", "params": {"python_script_or_patch": "import unreal, json, time\n\nsrc = '/Game/Blueprints/AC_TraversalLogic'\nts = int(time.time())\ntarget = f'/Game/Blueprints/ZZ_AC_TraversalLogic_probe_{ts}'\n\nprint('SRC=', src)\nprint('TARGET=', target)\n\nsrc_json = unreal.BPDirectExporter.read_blueprint_to_json(src)\nif not src_json:\n    raise RuntimeError('read_blueprint_to_json returned empty for source')\n\nsrc_payload = json.loads(src_json)\n\nres = unreal.BPDirectI...
2026-04-16 00:41:46,809 - UnrealMCP_Advanced - INFO - [unreal_mcp_server_advanced.py:286] - Received complete response (517620 bytes) for execute_unreal_python
2026-04-16 00:41:46,811 - UnrealMCP_Advanced - INFO - [unreal_mcp_server_advanced.py:402] - Command execute_unreal_python completed successfully
2026-04-16 00:41:46,832 - mcp.server.lowlevel.server - DEBUG - [server.py:572] - Response sent
2026-04-16 00:43:56,241 - mcp.server.lowlevel.server - DEBUG - [server.py:491] - Received message: <mcp.shared.session.RequestResponder object at 0x00000178D3C38450>
2026-04-16 00:43:56,241 - mcp.server.lowlevel.server - INFO - [server.py:534] - Processing request of type CallToolRequest
2026-04-16 00:43:56,241 - mcp.server.lowlevel.server - DEBUG - [server.py:537] - Dispatching request of type CallToolRequest
2026-04-16 00:43:56,241 - UnrealMCP_Advanced - INFO - [unreal_mcp_server_advanced.py:169] - Connecting to Unreal at 127.0.0.1:55557 (attempt 1/4)...
2026-04-16 00:43:56,241 - UnrealMCP_Advanced - INFO - [unreal_mcp_server_advanced.py:176] - Successfully connected to Unreal Engine
2026-04-16 00:43:56,242 - UnrealMCP_Advanced - INFO - [unreal_mcp_server_advanced.py:384] - Sending command (attempt 1): execute_unreal_python
2026-04-16 00:43:56,242 - UnrealMCP_Advanced - DEBUG - [unreal_mcp_server_advanced.py:385] - Command payload: {"type": "execute_unreal_python", "params": {"python_script_or_patch": "import unreal, json, time, sys\n\nplugin_py = r'F:/project/GameAnimation57/GameAnimationSample/Plugins/autounreal/autounreal/ExportBpy/Content/Python'\nif plugin_py not in sys.path:\n    sys.path.insert(0, plugin_py)\nimport bp_importer\n\nsrc_dir = r'F:/project/GameAnimation57/GameAnimationSample/ExportedBlueprints/bpy/AC_TraversalLogic'\nsrc_asset = '/Game/Blueprints/AC_TraversalLogic'\nts = int(time.time())\ntarget = f'/G...
2026-04-16 00:44:41,860 - UnrealMCP_Advanced - INFO - [unreal_mcp_server_advanced.py:286] - Received complete response (496311 bytes) for execute_unreal_python
2026-04-16 00:44:41,864 - UnrealMCP_Advanced - INFO - [unreal_mcp_server_advanced.py:402] - Command execute_unreal_python completed successfully
2026-04-16 00:44:41,899 - mcp.server.lowlevel.server - DEBUG - [server.py:572] - Response sent
2026-04-16 00:46:42,566 - mcp.server.lowlevel.server - DEBUG - [server.py:491] - Received message: <mcp.shared.session.RequestResponder object at 0x00000178D39373E0>
2026-04-16 00:46:42,567 - mcp.server.lowlevel.server - INFO - [server.py:534] - Processing request of type CallToolRequest
2026-04-16 00:46:42,567 - mcp.server.lowlevel.server - DEBUG - [server.py:537] - Dispatching request of type CallToolRequest
2026-04-16 00:46:42,567 - UnrealMCP_Advanced - INFO - [unreal_mcp_server_advanced.py:169] - Connecting to Unreal at 127.0.0.1:55557 (attempt 1/4)...
2026-04-16 00:46:42,579 - UnrealMCP_Advanced - INFO - [unreal_mcp_server_advanced.py:176] - Successfully connected to Unreal Engine
2026-04-16 00:46:42,579 - UnrealMCP_Advanced - INFO - [unreal_mcp_server_advanced.py:384] - Sending command (attempt 1): execute_unreal_python
2026-04-16 00:46:42,579 - UnrealMCP_Advanced - DEBUG - [unreal_mcp_server_advanced.py:385] - Command payload: {"type": "execute_unreal_python", "params": {"python_script_or_patch": "import unreal, json, time, sys\nplugin_py = r'F:/project/GameAnimation57/GameAnimationSample/Plugins/autounreal/autounreal/ExportBpy/Content/Python'\nif plugin_py not in sys.path:\n    sys.path.insert(0, plugin_py)\nimport bp_importer\n\nsrc_dir = r'F:/project/GameAnimation57/GameAnimationSample/ExportedBlueprints/bpy/AC_TraversalLogic'\nsrc_asset = '/Game/Blueprints/AC_TraversalLogic'\ntarget = f'/Game/Blueprints/ZZ_AC_Trav...
2026-04-16 09:32:12,553 - UnrealMCP_Advanced - WARNING - [unreal_mcp_server_advanced.py:336] - Command failed (attempt 1/4): Timeout after 31530.0s waiting for response to execute_unreal_python (received 8192 bytes)
2026-04-16 09:32:12,553 - UnrealMCP_Advanced - DEBUG - [unreal_mcp_server_advanced.py:222] - Disconnected from Unreal Engine
2026-04-16 09:32:12,553 - UnrealMCP_Advanced - INFO - [unreal_mcp_server_advanced.py:343] - Retrying command in 0.5s...
2026-04-16 09:32:13,053 - UnrealMCP_Advanced - INFO - [unreal_mcp_server_advanced.py:169] - Connecting to Unreal at 127.0.0.1:55557 (attempt 1/4)...
2026-04-16 09:32:13,054 - UnrealMCP_Advanced - INFO - [unreal_mcp_server_advanced.py:176] - Successfully connected to Unreal Engine
2026-04-16 09:32:13,054 - UnrealMCP_Advanced - INFO - [unreal_mcp_server_advanced.py:384] - Sending command (attempt 2): execute_unreal_python
2026-04-16 09:32:13,054 - UnrealMCP_Advanced - DEBUG - [unreal_mcp_server_advanced.py:385] - Command payload: {"type": "execute_unreal_python", "params": {"python_script_or_patch": "import unreal, json, time, sys\nplugin_py = r'F:/project/GameAnimation57/GameAnimationSample/Plugins/autounreal/autounreal/ExportBpy/Content/Python'\nif plugin_py not in sys.path:\n    sys.path.insert(0, plugin_py)\nimport bp_importer\n\nsrc_dir = r'F:/project/GameAnimation57/GameAnimationSample/ExportedBlueprints/bpy/AC_TraversalLogic'\nsrc_asset = '/Game/Blueprints/AC_TraversalLogic'\ntarget = f'/Game/Blueprints/ZZ_AC_Trav...
2026-04-16 09:33:11,198 - UnrealMCP_Advanced - INFO - [unreal_mcp_server_advanced.py:286] - Received complete response (507767 bytes) for execute_unreal_python
2026-04-16 09:33:11,200 - UnrealMCP_Advanced - INFO - [unreal_mcp_server_advanced.py:402] - Command execute_unreal_python completed successfully
2026-04-16 09:33:11,216 - mcp.server.lowlevel.server - DEBUG - [server.py:572] - Response sent
2026-04-16 11:06:55,495 - mcp.server.lowlevel.server - DEBUG - [server.py:491] - Received message: <mcp.shared.session.RequestResponder object at 0x00000178D3935400>
2026-04-16 11:06:55,498 - mcp.server.lowlevel.server - INFO - [server.py:534] - Processing request of type CallToolRequest
2026-04-16 11:06:55,498 - mcp.server.lowlevel.server - DEBUG - [server.py:537] - Dispatching request of type CallToolRequest
2026-04-16 11:06:55,500 - UnrealMCP_Advanced - INFO - [unreal_mcp_server_advanced.py:169] - Connecting to Unreal at 127.0.0.1:55557 (attempt 1/4)...
2026-04-16 11:06:55,512 - UnrealMCP_Advanced - INFO - [unreal_mcp_server_advanced.py:176] - Successfully connected to Unreal Engine
2026-04-16 11:06:55,512 - UnrealMCP_Advanced - INFO - [unreal_mcp_server_advanced.py:384] - Sending command (attempt 1): execute_unreal_python
2026-04-16 11:06:55,512 - UnrealMCP_Advanced - DEBUG - [unreal_mcp_server_advanced.py:385] - Command payload: {"type": "execute_unreal_python", "params": {"python_script_or_patch": "import os, json, sys\nimport unreal\n\nproj = unreal.Paths.get_project_file_path()\nproj_dir = os.path.dirname(proj)\npy_dir = os.path.join(proj_dir, 'Plugins', 'autounreal', 'autounreal', 'ExportBpy', 'Content', 'Python')\nif py_dir not in sys.path:\n    sys.path.insert(0, py_dir)\n\nsrc_dir = os.path.join(proj_dir, 'ExportedBlueprints', 'bpy', 'AC_TraversalLogic')\nif not os.path.isdir(src_dir):\n    raise RuntimeError(f'S...
2026-04-16 11:11:55,515 - UnrealMCP_Advanced - WARNING - [unreal_mcp_server_advanced.py:336] - Command failed (attempt 1/4): Timeout after 300.0s waiting for response to execute_unreal_python (received 0 bytes)
2026-04-16 11:11:55,516 - UnrealMCP_Advanced - DEBUG - [unreal_mcp_server_advanced.py:222] - Disconnected from Unreal Engine
2026-04-16 11:11:55,516 - UnrealMCP_Advanced - INFO - [unreal_mcp_server_advanced.py:343] - Retrying command in 0.5s...
2026-04-16 11:11:56,016 - UnrealMCP_Advanced - INFO - [unreal_mcp_server_advanced.py:169] - Connecting to Unreal at 127.0.0.1:55557 (attempt 1/4)...
2026-04-16 11:11:56,029 - UnrealMCP_Advanced - INFO - [unreal_mcp_server_advanced.py:176] - Successfully connected to Unreal Engine
2026-04-16 11:11:56,029 - UnrealMCP_Advanced - INFO - [unreal_mcp_server_advanced.py:384] - Sending command (attempt 2): execute_unreal_python
2026-04-16 11:11:56,029 - UnrealMCP_Advanced - DEBUG - [unreal_mcp_server_advanced.py:385] - Command payload: {"type": "execute_unreal_python", "params": {"python_script_or_patch": "import os, json, sys\nimport unreal\n\nproj = unreal.Paths.get_project_file_path()\nproj_dir = os.path.dirname(proj)\npy_dir = os.path.join(proj_dir, 'Plugins', 'autounreal', 'autounreal', 'ExportBpy', 'Content', 'Python')\nif py_dir not in sys.path:\n    sys.path.insert(0, py_dir)\n\nsrc_dir = os.path.join(proj_dir, 'ExportedBlueprints', 'bpy', 'AC_TraversalLogic')\nif not os.path.isdir(src_dir):\n    raise RuntimeError(f'S...
2026-04-16 11:12:29,922 - UnrealMCP_Advanced - INFO - [unreal_mcp_server_advanced.py:286] - Received complete response (481694 bytes) for execute_unreal_python
2026-04-16 11:12:29,925 - UnrealMCP_Advanced - INFO - [unreal_mcp_server_advanced.py:402] - Command execute_unreal_python completed successfully
2026-04-16 11:12:29,941 - mcp.server.lowlevel.server - DEBUG - [server.py:572] - Response sent
2026-04-16 11:12:29,947 - mcp.server.lowlevel.server - DEBUG - [server.py:491] - Received message: <mcp.shared.session.RequestResponder object at 0x00000178D3C61E10>
2026-04-16 11:12:29,947 - mcp.server.lowlevel.server - INFO - [server.py:534] - Processing request of type CallToolRequest
2026-04-16 11:12:29,947 - mcp.server.lowlevel.server - DEBUG - [server.py:537] - Dispatching request of type CallToolRequest
2026-04-16 11:12:29,948 - UnrealMCP_Advanced - INFO - [unreal_mcp_server_advanced.py:169] - Connecting to Unreal at 127.0.0.1:55557 (attempt 1/4)...
2026-04-16 11:12:29,948 - UnrealMCP_Advanced - INFO - [unreal_mcp_server_advanced.py:176] - Successfully connected to Unreal Engine
2026-04-16 11:12:29,948 - UnrealMCP_Advanced - INFO - [unreal_mcp_server_advanced.py:384] - Sending command (attempt 1): execute_unreal_python
2026-04-16 11:12:29,948 - UnrealMCP_Advanced - DEBUG - [unreal_mcp_server_advanced.py:385] - Command payload: {"type": "execute_unreal_python", "params": {"python_script_or_patch": "import os, json, sys\nimport unreal\n\nproj = unreal.Paths.get_project_file_path()\nproj_dir = os.path.dirname(proj)\npy_dir = os.path.join(proj_dir, 'Plugins', 'autounreal', 'autounreal', 'ExportBpy', 'Content', 'Python')\nif py_dir not in sys.path:\n    sys.path.insert(0, py_dir)\n\nsrc_dir = os.path.join(proj_dir, 'ExportedBlueprints', 'bpy', 'AC_TraversalLogic')\nif not os.path.isdir(src_dir):\n    raise RuntimeError(f'S...
2026-04-16 11:13:02,981 - UnrealMCP_Advanced - INFO - [unreal_mcp_server_advanced.py:286] - Received complete response (481481 bytes) for execute_unreal_python
2026-04-16 11:13:02,983 - UnrealMCP_Advanced - INFO - [unreal_mcp_server_advanced.py:402] - Command execute_unreal_python completed successfully
2026-04-16 11:13:03,003 - mcp.server.lowlevel.server - DEBUG - [server.py:491] - Received message: <mcp.shared.session.RequestResponder object at 0x00000178D3C63850>
2026-04-16 11:13:03,003 - mcp.server.lowlevel.server - INFO - [server.py:534] - Processing request of type CallToolRequest
2026-04-16 11:13:03,003 - mcp.server.lowlevel.server - DEBUG - [server.py:537] - Dispatching request of type CallToolRequest
2026-04-16 11:13:03,003 - UnrealMCP_Advanced - INFO - [unreal_mcp_server_advanced.py:169] - Connecting to Unreal at 127.0.0.1:55557 (attempt 1/4)...
2026-04-16 11:13:03,019 - UnrealMCP_Advanced - INFO - [unreal_mcp_server_advanced.py:176] - Successfully connected to Unreal Engine
2026-04-16 11:13:03,019 - UnrealMCP_Advanced - INFO - [unreal_mcp_server_advanced.py:384] - Sending command (attempt 1): execute_unreal_python
2026-04-16 11:13:03,019 - UnrealMCP_Advanced - DEBUG - [unreal_mcp_server_advanced.py:385] - Command payload: {"type": "execute_unreal_python", "params": {"python_script_or_patch": "import os, json, sys\nimport unreal\nproj = unreal.Paths.get_project_file_path()\nproj_dir = os.path.dirname(proj)\npy_dir = os.path.join(proj_dir, 'Plugins', 'autounreal', 'autounreal', 'ExportBpy', 'Content', 'Python')\nif py_dir not in sys.path:\n    sys.path.insert(0, py_dir)\nimport bp_importer\nsrc_dir = os.path.join(proj_dir, 'ExportedBlueprints', 'bpy', 'AC_TraversalLogic')\nresult = bp_importer.import_path_with_deta...
2026-04-16 11:18:03,027 - UnrealMCP_Advanced - WARNING - [unreal_mcp_server_advanced.py:336] - Command failed (attempt 1/4): Timeout after 300.0s waiting for response to execute_unreal_python (received 0 bytes)
2026-04-16 11:18:03,027 - UnrealMCP_Advanced - DEBUG - [unreal_mcp_server_advanced.py:222] - Disconnected from Unreal Engine
2026-04-16 11:18:03,027 - UnrealMCP_Advanced - INFO - [unreal_mcp_server_advanced.py:343] - Retrying command in 0.5s...
2026-04-16 11:18:03,528 - UnrealMCP_Advanced - INFO - [unreal_mcp_server_advanced.py:169] - Connecting to Unreal at 127.0.0.1:55557 (attempt 1/4)...
2026-04-16 11:18:03,528 - UnrealMCP_Advanced - INFO - [unreal_mcp_server_advanced.py:176] - Successfully connected to Unreal Engine
2026-04-16 11:18:03,528 - UnrealMCP_Advanced - INFO - [unreal_mcp_server_advanced.py:384] - Sending command (attempt 2): execute_unreal_python
2026-04-16 11:18:03,528 - UnrealMCP_Advanced - DEBUG - [unreal_mcp_server_advanced.py:385] - Command payload: {"type": "execute_unreal_python", "params": {"python_script_or_patch": "import os, json, sys\nimport unreal\nproj = unreal.Paths.get_project_file_path()\nproj_dir = os.path.dirname(proj)\npy_dir = os.path.join(proj_dir, 'Plugins', 'autounreal', 'autounreal', 'ExportBpy', 'Content', 'Python')\nif py_dir not in sys.path:\n    sys.path.insert(0, py_dir)\nimport bp_importer\nsrc_dir = os.path.join(proj_dir, 'ExportedBlueprints', 'bpy', 'AC_TraversalLogic')\nresult = bp_importer.import_path_with_deta...
2026-04-16 11:18:36,161 - UnrealMCP_Advanced - INFO - [unreal_mcp_server_advanced.py:286] - Received complete response (476470 bytes) for execute_unreal_python
2026-04-16 11:18:36,163 - UnrealMCP_Advanced - INFO - [unreal_mcp_server_advanced.py:402] - Command execute_unreal_python completed successfully
2026-04-16 11:18:36,183 - mcp.server.lowlevel.server - DEBUG - [server.py:572] - Response sent
2026-04-16 11:18:36,184 - mcp.server.lowlevel.server - DEBUG - [server.py:491] - Received message: <mcp.shared.session.RequestResponder object at 0x00000178D3AFE9C0>
2026-04-16 11:18:36,184 - mcp.server.lowlevel.server - INFO - [server.py:534] - Processing request of type CallToolRequest
2026-04-16 11:18:36,184 - mcp.server.lowlevel.server - DEBUG - [server.py:537] - Dispatching request of type CallToolRequest
2026-04-16 11:18:36,184 - UnrealMCP_Advanced - INFO - [unreal_mcp_server_advanced.py:169] - Connecting to Unreal at 127.0.0.1:55557 (attempt 1/4)...
2026-04-16 11:18:36,185 - UnrealMCP_Advanced - INFO - [unreal_mcp_server_advanced.py:176] - Successfully connected to Unreal Engine
2026-04-16 11:18:36,185 - UnrealMCP_Advanced - INFO - [unreal_mcp_server_advanced.py:384] - Sending command (attempt 1): get_headless_status
2026-04-16 11:18:36,185 - UnrealMCP_Advanced - DEBUG - [unreal_mcp_server_advanced.py:385] - Command payload: {"type": "get_headless_status", "params": {}}...
2026-04-16 11:18:36,238 - UnrealMCP_Advanced - INFO - [unreal_mcp_server_advanced.py:286] - Received complete response (219 bytes) for get_headless_status
2026-04-16 11:18:36,238 - UnrealMCP_Advanced - INFO - [unreal_mcp_server_advanced.py:402] - Command get_headless_status completed successfully
2026-04-16 11:18:36,239 - mcp.server.lowlevel.server - DEBUG - [server.py:491] - Received message: <mcp.shared.session.RequestResponder object at 0x00000178D3902C90>
2026-04-16 11:18:36,239 - mcp.server.lowlevel.server - INFO - [server.py:534] - Processing request of type CallToolRequest
2026-04-16 11:18:36,239 - mcp.server.lowlevel.server - DEBUG - [server.py:537] - Dispatching request of type CallToolRequest
2026-04-16 11:18:36,239 - UnrealMCP_Advanced - INFO - [unreal_mcp_server_advanced.py:169] - Connecting to Unreal at 127.0.0.1:55557 (attempt 1/4)...
2026-04-16 11:18:36,251 - UnrealMCP_Advanced - INFO - [unreal_mcp_server_advanced.py:176] - Successfully connected to Unreal Engine
2026-04-16 11:18:36,251 - UnrealMCP_Advanced - INFO - [unreal_mcp_server_advanced.py:384] - Sending command (attempt 1): launch_unreal_project
2026-04-16 11:18:36,251 - UnrealMCP_Advanced - DEBUG - [unreal_mcp_server_advanced.py:385] - Command payload: {"type": "launch_unreal_project", "params": {"project_path": "F:\\project\\GameAnimation57\\GameAnimationSample\\GameAnimationSample.uproject"}}...
2026-04-16 11:18:36,572 - UnrealMCP_Advanced - INFO - [unreal_mcp_server_advanced.py:286] - Received complete response (149 bytes) for launch_unreal_project
2026-04-16 11:18:36,572 - UnrealMCP_Advanced - INFO - [unreal_mcp_server_advanced.py:402] - Command launch_unreal_project completed successfully
2026-04-16 11:18:36,577 - mcp.server.lowlevel.server - DEBUG - [server.py:572] - Response sent
2026-04-16 11:18:36,578 - mcp.server.lowlevel.server - DEBUG - [server.py:572] - Response sent
2026-04-16 11:18:36,579 - mcp.server.lowlevel.server - DEBUG - [server.py:572] - Response sent
2026-04-16 13:13:23,642 - mcp.server.lowlevel.server - DEBUG - [server.py:491] - Received message: <mcp.shared.session.RequestResponder object at 0x00000178D3901CD0>
2026-04-16 13:13:23,645 - mcp.server.lowlevel.server - INFO - [server.py:534] - Processing request of type CallToolRequest
2026-04-16 13:13:23,645 - mcp.server.lowlevel.server - DEBUG - [server.py:537] - Dispatching request of type CallToolRequest
2026-04-16 13:13:23,645 - UnrealMCP_Advanced - INFO - [unreal_mcp_server_advanced.py:169] - Connecting to Unreal at 127.0.0.1:55557 (attempt 1/4)...
2026-04-16 13:13:23,646 - UnrealMCP_Advanced - INFO - [unreal_mcp_server_advanced.py:176] - Successfully connected to Unreal Engine
2026-04-16 13:13:23,646 - UnrealMCP_Advanced - INFO - [unreal_mcp_server_advanced.py:384] - Sending command (attempt 1): get_headless_status
2026-04-16 13:13:23,646 - UnrealMCP_Advanced - DEBUG - [unreal_mcp_server_advanced.py:385] - Command payload: {"type": "get_headless_status", "params": {}}...
2026-04-16 13:13:24,002 - UnrealMCP_Advanced - INFO - [unreal_mcp_server_advanced.py:286] - Received complete response (219 bytes) for get_headless_status
2026-04-16 13:13:24,002 - UnrealMCP_Advanced - INFO - [unreal_mcp_server_advanced.py:402] - Command get_headless_status completed successfully
2026-04-16 13:13:24,004 - mcp.server.lowlevel.server - DEBUG - [server.py:572] - Response sent
2026-04-16 13:13:38,600 - mcp.server.lowlevel.server - DEBUG - [server.py:491] - Received message: <mcp.shared.session.RequestResponder object at 0x00000178D38F2F10>
2026-04-16 13:13:38,600 - mcp.server.lowlevel.server - INFO - [server.py:534] - Processing request of type CallToolRequest
2026-04-16 13:13:38,600 - mcp.server.lowlevel.server - DEBUG - [server.py:537] - Dispatching request of type CallToolRequest
2026-04-16 13:13:38,600 - UnrealMCP_Advanced - INFO - [unreal_mcp_server_advanced.py:169] - Connecting to Unreal at 127.0.0.1:55557 (attempt 1/4)...
2026-04-16 13:13:38,601 - UnrealMCP_Advanced - INFO - [unreal_mcp_server_advanced.py:176] - Successfully connected to Unreal Engine
2026-04-16 13:13:38,601 - UnrealMCP_Advanced - INFO - [unreal_mcp_server_advanced.py:384] - Sending command (attempt 1): run_python
2026-04-16 13:13:38,601 - UnrealMCP_Advanced - DEBUG - [unreal_mcp_server_advanced.py:385] - Command payload: {"type": "run_python", "params": {"code": "import json, os, sys\nimport unreal\n\nplugin_py = r\"F:/project/GameAnimation57/GameAnimationSample/Plugins/autounreal/autounreal/ExportBpy/Content/Python\"\nif plugin_py not in sys.path:\n    sys.path.insert(0, plugin_py)\n\nimport bp_importer\n\nsrc_dir = r\"F:/project/GameAnimation57/GameAnimationSample/ExportedBlueprints/bpy/AC_TraversalLogic\"\ntarget = \"/Game/Blueprints/AC_TraversalLogic_probe\"\n\ndetails = bp_importer.import_directory_with_det...
2026-04-16 13:14:08,609 - UnrealMCP_Advanced - WARNING - [unreal_mcp_server_advanced.py:336] - Command failed (attempt 1/4): Timeout after 30.0s waiting for response to run_python (received 0 bytes)
2026-04-16 13:14:08,609 - UnrealMCP_Advanced - DEBUG - [unreal_mcp_server_advanced.py:222] - Disconnected from Unreal Engine
2026-04-16 13:14:08,609 - UnrealMCP_Advanced - INFO - [unreal_mcp_server_advanced.py:343] - Retrying command in 0.5s...
2026-04-16 13:14:09,110 - UnrealMCP_Advanced - INFO - [unreal_mcp_server_advanced.py:169] - Connecting to Unreal at 127.0.0.1:55557 (attempt 1/4)...
2026-04-16 13:14:09,123 - UnrealMCP_Advanced - INFO - [unreal_mcp_server_advanced.py:176] - Successfully connected to Unreal Engine
2026-04-16 13:14:09,123 - UnrealMCP_Advanced - INFO - [unreal_mcp_server_advanced.py:384] - Sending command (attempt 2): run_python
2026-04-16 13:14:09,123 - UnrealMCP_Advanced - DEBUG - [unreal_mcp_server_advanced.py:385] - Command payload: {"type": "run_python", "params": {"code": "import json, os, sys\nimport unreal\n\nplugin_py = r\"F:/project/GameAnimation57/GameAnimationSample/Plugins/autounreal/autounreal/ExportBpy/Content/Python\"\nif plugin_py not in sys.path:\n    sys.path.insert(0, plugin_py)\n\nimport bp_importer\n\nsrc_dir = r\"F:/project/GameAnimation57/GameAnimationSample/ExportedBlueprints/bpy/AC_TraversalLogic\"\ntarget = \"/Game/Blueprints/AC_TraversalLogic_probe\"\n\ndetails = bp_importer.import_directory_with_det...
2026-04-16 13:14:39,127 - UnrealMCP_Advanced - WARNING - [unreal_mcp_server_advanced.py:336] - Command failed (attempt 2/4): Timeout after 30.0s waiting for response to run_python (received 0 bytes)
2026-04-16 13:14:39,127 - UnrealMCP_Advanced - DEBUG - [unreal_mcp_server_advanced.py:222] - Disconnected from Unreal Engine
2026-04-16 13:14:39,127 - UnrealMCP_Advanced - INFO - [unreal_mcp_server_advanced.py:343] - Retrying command in 1.0s...
2026-04-16 13:14:40,128 - UnrealMCP_Advanced - INFO - [unreal_mcp_server_advanced.py:169] - Connecting to Unreal at 127.0.0.1:55557 (attempt 1/4)...
2026-04-16 13:14:40,128 - UnrealMCP_Advanced - INFO - [unreal_mcp_server_advanced.py:176] - Successfully connected to Unreal Engine
2026-04-16 13:14:40,129 - UnrealMCP_Advanced - INFO - [unreal_mcp_server_advanced.py:384] - Sending command (attempt 3): run_python
2026-04-16 13:14:40,129 - UnrealMCP_Advanced - DEBUG - [unreal_mcp_server_advanced.py:385] - Command payload: {"type": "run_python", "params": {"code": "import json, os, sys\nimport unreal\n\nplugin_py = r\"F:/project/GameAnimation57/GameAnimationSample/Plugins/autounreal/autounreal/ExportBpy/Content/Python\"\nif plugin_py not in sys.path:\n    sys.path.insert(0, plugin_py)\n\nimport bp_importer\n\nsrc_dir = r\"F:/project/GameAnimation57/GameAnimationSample/ExportedBlueprints/bpy/AC_TraversalLogic\"\ntarget = \"/Game/Blueprints/AC_TraversalLogic_probe\"\n\ndetails = bp_importer.import_directory_with_det...
2026-04-16 13:15:10,135 - UnrealMCP_Advanced - WARNING - [unreal_mcp_server_advanced.py:336] - Command failed (attempt 3/4): Timeout after 30.0s waiting for response to run_python (received 0 bytes)
2026-04-16 13:15:10,135 - UnrealMCP_Advanced - DEBUG - [unreal_mcp_server_advanced.py:222] - Disconnected from Unreal Engine
2026-04-16 13:15:10,135 - UnrealMCP_Advanced - INFO - [unreal_mcp_server_advanced.py:343] - Retrying command in 2.0s...
2026-04-16 13:15:12,135 - UnrealMCP_Advanced - INFO - [unreal_mcp_server_advanced.py:169] - Connecting to Unreal at 127.0.0.1:55557 (attempt 1/4)...
2026-04-16 13:15:12,157 - UnrealMCP_Advanced - INFO - [unreal_mcp_server_advanced.py:176] - Successfully connected to Unreal Engine
2026-04-16 13:15:12,158 - UnrealMCP_Advanced - INFO - [unreal_mcp_server_advanced.py:384] - Sending command (attempt 4): run_python
2026-04-16 13:15:12,158 - UnrealMCP_Advanced - DEBUG - [unreal_mcp_server_advanced.py:385] - Command payload: {"type": "run_python", "params": {"code": "import json, os, sys\nimport unreal\n\nplugin_py = r\"F:/project/GameAnimation57/GameAnimationSample/Plugins/autounreal/autounreal/ExportBpy/Content/Python\"\nif plugin_py not in sys.path:\n    sys.path.insert(0, plugin_py)\n\nimport bp_importer\n\nsrc_dir = r\"F:/project/GameAnimation57/GameAnimationSample/ExportedBlueprints/bpy/AC_TraversalLogic\"\ntarget = \"/Game/Blueprints/AC_TraversalLogic_probe\"\n\ndetails = bp_importer.import_directory_with_det...
2026-04-16 13:15:41,225 - UnrealMCP_Advanced - INFO - [unreal_mcp_server_advanced.py:286] - Received complete response (487930 bytes) for run_python
2026-04-16 13:15:41,227 - UnrealMCP_Advanced - INFO - [unreal_mcp_server_advanced.py:402] - Command run_python completed successfully
2026-04-16 13:15:41,251 - mcp.server.lowlevel.server - DEBUG - [server.py:572] - Response sent
2026-04-16 13:15:54,666 - mcp.server.lowlevel.server - DEBUG - [server.py:491] - Received message: <mcp.shared.session.RequestResponder object at 0x00000178D38F2E60>
2026-04-16 13:15:54,666 - mcp.server.lowlevel.server - INFO - [server.py:534] - Processing request of type CallToolRequest
2026-04-16 13:15:54,666 - mcp.server.lowlevel.server - DEBUG - [server.py:537] - Dispatching request of type CallToolRequest
2026-04-16 13:15:54,667 - UnrealMCP_Advanced - INFO - [unreal_mcp_server_advanced.py:169] - Connecting to Unreal at 127.0.0.1:55557 (attempt 1/4)...
2026-04-16 13:15:54,682 - UnrealMCP_Advanced - INFO - [unreal_mcp_server_advanced.py:176] - Successfully connected to Unreal Engine
2026-04-16 13:15:54,683 - UnrealMCP_Advanced - INFO - [unreal_mcp_server_advanced.py:384] - Sending command (attempt 1): execute_unreal_python
2026-04-16 13:15:54,683 - UnrealMCP_Advanced - DEBUG - [unreal_mcp_server_advanced.py:385] - Command payload: {"type": "execute_unreal_python", "params": {"python_script_or_patch": "import json, os, sys\nimport unreal\n\nplugin_py = r\"F:/project/GameAnimation57/GameAnimationSample/Plugins/autounreal/autounreal/ExportBpy/Content/Python\"\nif plugin_py not in sys.path:\n    sys.path.insert(0, plugin_py)\n\nimport bp_importer\n\nsrc_dir = r\"F:/project/GameAnimation57/GameAnimationSample/ExportedBlueprints/bpy/AC_TraversalLogic\"\ntarget = \"/Game/Blueprints/AC_TraversalLogic_probe\"\n\ndetails = bp_impor...
2026-04-16 13:16:23,353 - UnrealMCP_Advanced - INFO - [unreal_mcp_server_advanced.py:286] - Received complete response (478321 bytes) for execute_unreal_python
2026-04-16 13:16:23,355 - UnrealMCP_Advanced - INFO - [unreal_mcp_server_advanced.py:402] - Command execute_unreal_python completed successfully
2026-04-16 13:16:23,371 - mcp.server.lowlevel.server - DEBUG - [server.py:572] - Response sent
2026-04-16 13:17:01,071 - mcp.server.lowlevel.server - DEBUG - [server.py:491] - Received message: <mcp.shared.session.RequestResponder object at 0x00000178CF109F90>
2026-04-16 13:17:01,071 - mcp.server.lowlevel.server - INFO - [server.py:534] - Processing request of type CallToolRequest
2026-04-16 13:17:01,071 - mcp.server.lowlevel.server - DEBUG - [server.py:537] - Dispatching request of type CallToolRequest
2026-04-16 13:17:01,071 - UnrealMCP_Advanced - INFO - [unreal_mcp_server_advanced.py:169] - Connecting to Unreal at 127.0.0.1:55557 (attempt 1/4)...
2026-04-16 13:17:01,072 - UnrealMCP_Advanced - INFO - [unreal_mcp_server_advanced.py:176] - Successfully connected to Unreal Engine
2026-04-16 13:17:01,072 - UnrealMCP_Advanced - INFO - [unreal_mcp_server_advanced.py:384] - Sending command (attempt 1): run_python
2026-04-16 13:17:01,072 - UnrealMCP_Advanced - DEBUG - [unreal_mcp_server_advanced.py:385] - Command payload: {"type": "run_python", "params": {"code": "import unreal\n\ntarget_bp_path = '/Game/Blueprints/AC_TraversalLogic_probe.AC_TraversalLogic_probe'\nnode_guids = {\n    '21A313E74ECF345881D695A0E01EF5C1',\n    '2D1BE5F04CC49B225D3A6DBEDE484870',\n    '2C7F4536451C956EFBFE379EC7FE82FF',\n}\n\nbp = unreal.load_object(None, target_bp_path)\nif not bp:\n    print('BP not found:', target_bp_path)\nelse:\n    graphs = []\n    try:\n        graphs.extend(list(bp.function_graphs))\n    except Exception:\n  ...
2026-04-16 13:17:28,100 - UnrealMCP_Advanced - INFO - [unreal_mcp_server_advanced.py:286] - Received complete response (369366 bytes) for run_python
2026-04-16 13:17:28,102 - UnrealMCP_Advanced - INFO - [unreal_mcp_server_advanced.py:402] - Command run_python completed successfully
2026-04-16 13:17:28,114 - mcp.server.lowlevel.server - DEBUG - [server.py:572] - Response sent
2026-04-16 13:18:05,140 - mcp.server.lowlevel.server - DEBUG - [server.py:491] - Received message: <mcp.shared.session.RequestResponder object at 0x00000178D39BC730>
2026-04-16 13:18:05,140 - mcp.server.lowlevel.server - INFO - [server.py:534] - Processing request of type CallToolRequest
2026-04-16 13:18:05,140 - mcp.server.lowlevel.server - DEBUG - [server.py:537] - Dispatching request of type CallToolRequest
2026-04-16 13:18:05,140 - UnrealMCP_Advanced - INFO - [unreal_mcp_server_advanced.py:169] - Connecting to Unreal at 127.0.0.1:55557 (attempt 1/4)...
2026-04-16 13:18:05,152 - UnrealMCP_Advanced - INFO - [unreal_mcp_server_advanced.py:176] - Successfully connected to Unreal Engine
2026-04-16 13:18:05,153 - UnrealMCP_Advanced - INFO - [unreal_mcp_server_advanced.py:384] - Sending command (attempt 1): execute_unreal_python
2026-04-16 13:18:05,153 - UnrealMCP_Advanced - DEBUG - [unreal_mcp_server_advanced.py:385] - Command payload: {"type": "execute_unreal_python", "params": {"python_script_or_patch": "import os, sys, json\nimport unreal\n\nplugin_py = r\"F:/project/GameAnimation57/GameAnimationSample/Plugins/autounreal/autounreal/ExportBpy/Content/Python\"\nif plugin_py not in sys.path:\n    sys.path.insert(0, plugin_py)\n\nimport bp_importer\n\nos.environ['EXPORTBPY_SKIP_STRICT_DEFAULT_VALIDATION'] = '1'\n\nsrc_dir = r\"F:/project/GameAnimation57/GameAnimationSample/ExportedBlueprints/bpy/AC_TraversalLogic\"\ntarget = \"...
2026-04-16 13:18:34,901 - UnrealMCP_Advanced - INFO - [unreal_mcp_server_advanced.py:286] - Received complete response (501811 bytes) for execute_unreal_python
2026-04-16 13:18:34,903 - UnrealMCP_Advanced - INFO - [unreal_mcp_server_advanced.py:402] - Command execute_unreal_python completed successfully
2026-04-16 13:18:34,920 - mcp.server.lowlevel.server - DEBUG - [server.py:572] - Response sent
2026-04-16 13:19:09,475 - mcp.server.lowlevel.server - DEBUG - [server.py:491] - Received message: <mcp.shared.session.RequestResponder object at 0x00000178D3C4C290>
2026-04-16 13:19:09,475 - mcp.server.lowlevel.server - INFO - [server.py:534] - Processing request of type CallToolRequest
2026-04-16 13:19:09,475 - mcp.server.lowlevel.server - DEBUG - [server.py:537] - Dispatching request of type CallToolRequest
2026-04-16 13:19:09,476 - UnrealMCP_Advanced - INFO - [unreal_mcp_server_advanced.py:169] - Connecting to Unreal at 127.0.0.1:55557 (attempt 1/4)...
2026-04-16 13:19:09,476 - UnrealMCP_Advanced - INFO - [unreal_mcp_server_advanced.py:176] - Successfully connected to Unreal Engine
2026-04-16 13:19:09,476 - UnrealMCP_Advanced - INFO - [unreal_mcp_server_advanced.py:384] - Sending command (attempt 1): execute_unreal_python
2026-04-16 13:19:09,476 - UnrealMCP_Advanced - DEBUG - [unreal_mcp_server_advanced.py:385] - Command payload: {"type": "execute_unreal_python", "params": {"python_script_or_patch": "import json\nimport unreal\n\nbp_path = '/Game/Blueprints/AC_TraversalLogic_probe_force.AC_TraversalLogic_probe_force'\nout_path = r'F:/project/GameAnimation57/GameAnimationSample/Saved/Logs/ac_traversallogic_probe_force_nodes.json'\n\nresult = {\n    'bp_path': bp_path,\n    'asset_exists': False,\n    'graphs': [],\n    'try_traversal_nodes': [],\n}\n\nbp = unreal.load_object(None, bp_path)\nif bp:\n    result['asset_exist...
2026-04-16 13:19:36,638 - UnrealMCP_Advanced - INFO - [unreal_mcp_server_advanced.py:286] - Received complete response (368784 bytes) for execute_unreal_python
2026-04-16 13:19:36,640 - UnrealMCP_Advanced - INFO - [unreal_mcp_server_advanced.py:402] - Command execute_unreal_python completed successfully
2026-04-16 13:19:36,655 - mcp.server.lowlevel.server - DEBUG - [server.py:572] - Response sent
2026-04-16 13:19:58,201 - mcp.server.lowlevel.server - DEBUG - [server.py:491] - Received message: <mcp.shared.session.RequestResponder object at 0x00000178D3C4C4D0>
2026-04-16 13:19:58,201 - mcp.server.lowlevel.server - INFO - [server.py:534] - Processing request of type CallToolRequest
2026-04-16 13:19:58,201 - mcp.server.lowlevel.server - DEBUG - [server.py:537] - Dispatching request of type CallToolRequest
2026-04-16 13:19:58,202 - UnrealMCP_Advanced - INFO - [unreal_mcp_server_advanced.py:169] - Connecting to Unreal at 127.0.0.1:55557 (attempt 1/4)...
2026-04-16 13:19:58,220 - UnrealMCP_Advanced - INFO - [unreal_mcp_server_advanced.py:176] - Successfully connected to Unreal Engine
2026-04-16 13:19:58,220 - UnrealMCP_Advanced - INFO - [unreal_mcp_server_advanced.py:384] - Sending command (attempt 1): execute_unreal_python
2026-04-16 13:19:58,220 - UnrealMCP_Advanced - DEBUG - [unreal_mcp_server_advanced.py:385] - Command payload: {"type": "execute_unreal_python", "params": {"python_script_or_patch": "import json\nimport unreal\n\nasset_path = '/Game/Blueprints/AC_TraversalLogic_probe_force'\nout_path = r'F:/project/GameAnimation57/GameAnimationSample/Saved/Logs/ac_traversallogic_probe_force_assetinfo.json'\n\ninfo = {}\nasset = unreal.EditorAssetLibrary.load_asset(asset_path)\ninfo['loaded'] = bool(asset)\ninfo['asset_class'] = asset.get_class().get_name() if asset else ''\ninfo['asset_name'] = asset.get_name() if asset ...
2026-04-16 13:20:25,964 - UnrealMCP_Advanced - INFO - [unreal_mcp_server_advanced.py:286] - Received complete response (366579 bytes) for execute_unreal_python
2026-04-16 13:20:25,966 - UnrealMCP_Advanced - INFO - [unreal_mcp_server_advanced.py:402] - Command execute_unreal_python completed successfully
2026-04-16 13:20:25,981 - mcp.server.lowlevel.server - DEBUG - [server.py:572] - Response sent
2026-04-16 13:20:48,623 - mcp.server.lowlevel.server - DEBUG - [server.py:491] - Received message: <mcp.shared.session.RequestResponder object at 0x00000178D3C4C440>
2026-04-16 13:20:48,624 - mcp.server.lowlevel.server - INFO - [server.py:534] - Processing request of type CallToolRequest
2026-04-16 13:20:48,624 - mcp.server.lowlevel.server - DEBUG - [server.py:537] - Dispatching request of type CallToolRequest
2026-04-16 13:20:48,624 - UnrealMCP_Advanced - INFO - [unreal_mcp_server_advanced.py:169] - Connecting to Unreal at 127.0.0.1:55557 (attempt 1/4)...
2026-04-16 13:20:48,641 - UnrealMCP_Advanced - INFO - [unreal_mcp_server_advanced.py:176] - Successfully connected to Unreal Engine
2026-04-16 13:20:48,641 - UnrealMCP_Advanced - INFO - [unreal_mcp_server_advanced.py:384] - Sending command (attempt 1): read_blueprint_content_fast
2026-04-16 13:20:48,641 - UnrealMCP_Advanced - DEBUG - [unreal_mcp_server_advanced.py:385] - Command payload: {"type": "read_blueprint_content_fast", "params": {"blueprint_path": "/Game/Blueprints/AC_TraversalLogic_probe_force", "include_event_graph": false, "include_functions": true, "include_variables": false, "include_components": false, "include_interfaces": false}}...
2026-04-16 13:20:48,870 - UnrealMCP_Advanced - INFO - [unreal_mcp_server_advanced.py:286] - Received complete response (553 bytes) for read_blueprint_content_fast
2026-04-16 13:20:48,871 - UnrealMCP_Advanced - INFO - [unreal_mcp_server_advanced.py:402] - Command read_blueprint_content_fast completed successfully
2026-04-16 13:20:48,871 - mcp.server.lowlevel.server - DEBUG - [server.py:572] - Response sent
2026-04-16 13:20:48,875 - mcp.server.lowlevel.server - DEBUG - [server.py:491] - Received message: <mcp.shared.session.RequestResponder object at 0x00000178D3C4C3B0>
2026-04-16 13:20:48,875 - mcp.server.lowlevel.server - INFO - [server.py:534] - Processing request of type CallToolRequest
2026-04-16 13:20:48,875 - mcp.server.lowlevel.server - DEBUG - [server.py:537] - Dispatching request of type CallToolRequest
2026-04-16 13:20:48,876 - UnrealMCP_Advanced - INFO - [unreal_mcp_server_advanced.py:169] - Connecting to Unreal at 127.0.0.1:55557 (attempt 1/4)...
2026-04-16 13:20:48,876 - UnrealMCP_Advanced - INFO - [unreal_mcp_server_advanced.py:176] - Successfully connected to Unreal Engine
2026-04-16 13:20:48,876 - UnrealMCP_Advanced - INFO - [unreal_mcp_server_advanced.py:384] - Sending command (attempt 1): analyze_blueprint_graph_fast
2026-04-16 13:20:48,876 - UnrealMCP_Advanced - DEBUG - [unreal_mcp_server_advanced.py:385] - Command payload: {"type": "analyze_blueprint_graph_fast", "params": {"blueprint_path": "/Game/Blueprints/AC_TraversalLogic_probe_force", "graph_name": "TryTraversalAction", "include_node_details": true, "include_pin_connections": true, "trace_execution_flow": false}}...
2026-04-16 13:20:49,115 - UnrealMCP_Advanced - INFO - [unreal_mcp_server_advanced.py:286] - Received complete response (87951 bytes) for analyze_blueprint_graph_fast
2026-04-16 13:20:49,116 - UnrealMCP_Advanced - INFO - [unreal_mcp_server_advanced.py:402] - Command analyze_blueprint_graph_fast completed successfully
2026-04-16 13:20:49,121 - mcp.server.lowlevel.server - DEBUG - [server.py:572] - Response sent
2026-04-16 13:21:03,688 - mcp.server.lowlevel.server - DEBUG - [server.py:491] - Received message: <mcp.shared.session.RequestResponder object at 0x00000178D3C4C290>
2026-04-16 13:21:03,689 - mcp.server.lowlevel.server - INFO - [server.py:534] - Processing request of type CallToolRequest
2026-04-16 13:21:03,689 - mcp.server.lowlevel.server - DEBUG - [server.py:537] - Dispatching request of type CallToolRequest
2026-04-16 13:21:03,689 - UnrealMCP_Advanced - INFO - [unreal_mcp_server_advanced.py:169] - Connecting to Unreal at 127.0.0.1:55557 (attempt 1/4)...
2026-04-16 13:21:03,706 - UnrealMCP_Advanced - INFO - [unreal_mcp_server_advanced.py:176] - Successfully connected to Unreal Engine
2026-04-16 13:21:03,706 - UnrealMCP_Advanced - INFO - [unreal_mcp_server_advanced.py:384] - Sending command (attempt 1): execute_unreal_python
2026-04-16 13:21:03,706 - UnrealMCP_Advanced - DEBUG - [unreal_mcp_server_advanced.py:385] - Command payload: {"type": "execute_unreal_python", "params": {"python_script_or_patch": "import json, unreal\nout_path = r'F:/project/GameAnimation57/GameAnimationSample/Saved/Logs/unreal_blueprint_api_methods.json'\napi = {}\nfor cls_name in ['BlueprintEditorLibrary', 'KismetEditorUtilities', 'EdGraph', 'Blueprint']:\n    cls = getattr(unreal, cls_name, None)\n    if cls is None:\n        continue\n    names = [n for n in dir(cls) if 'graph' in n.lower() or 'blueprint' in n.lower()]\n    api[cls_name] = sorted(...
2026-04-16 13:21:30,439 - UnrealMCP_Advanced - INFO - [unreal_mcp_server_advanced.py:286] - Received complete response (367719 bytes) for execute_unreal_python
2026-04-16 13:21:30,440 - UnrealMCP_Advanced - INFO - [unreal_mcp_server_advanced.py:402] - Command execute_unreal_python completed successfully
2026-04-16 13:21:30,453 - mcp.server.lowlevel.server - DEBUG - [server.py:572] - Response sent
2026-04-16 13:22:02,905 - mcp.server.lowlevel.server - DEBUG - [server.py:491] - Received message: <mcp.shared.session.RequestResponder object at 0x00000178D3C4C710>
2026-04-16 13:22:02,906 - mcp.server.lowlevel.server - INFO - [server.py:534] - Processing request of type CallToolRequest
2026-04-16 13:22:02,906 - mcp.server.lowlevel.server - DEBUG - [server.py:537] - Dispatching request of type CallToolRequest
2026-04-16 13:22:02,906 - UnrealMCP_Advanced - INFO - [unreal_mcp_server_advanced.py:169] - Connecting to Unreal at 127.0.0.1:55557 (attempt 1/4)...
2026-04-16 13:22:02,930 - UnrealMCP_Advanced - INFO - [unreal_mcp_server_advanced.py:176] - Successfully connected to Unreal Engine
2026-04-16 13:22:02,931 - UnrealMCP_Advanced - INFO - [unreal_mcp_server_advanced.py:384] - Sending command (attempt 1): execute_unreal_python
2026-04-16 13:22:02,931 - UnrealMCP_Advanced - DEBUG - [unreal_mcp_server_advanced.py:385] - Command payload: {"type": "execute_unreal_python", "params": {"python_script_or_patch": "import json\nimport unreal\n\nasset_path = '/Game/Blueprints/AC_TraversalLogic_probe_force'\nout_path = r'F:/project/GameAnimation57/GameAnimationSample/Saved/Logs/ac_traversallogic_probe_force_guidinspect.json'\n\nguid_targets = {\n    '21A313E74ECF345881D695A0E01EF5C1',\n    '2D1BE5F04CC49B225D3A6DBEDE484870',\n    '2C7F4536451C956EFBFE379EC7FE82FF',\n}\n\nresult = {\n    'asset_loaded': False,\n    'graph_found': False,\n...
2026-04-16 13:27:02,939 - UnrealMCP_Advanced - WARNING - [unreal_mcp_server_advanced.py:336] - Command failed (attempt 1/4): Timeout after 300.0s waiting for response to execute_unreal_python (received 0 bytes)
2026-04-16 13:27:02,939 - UnrealMCP_Advanced - DEBUG - [unreal_mcp_server_advanced.py:222] - Disconnected from Unreal Engine
2026-04-16 13:27:02,939 - UnrealMCP_Advanced - INFO - [unreal_mcp_server_advanced.py:343] - Retrying command in 0.5s...
2026-04-16 13:27:03,439 - UnrealMCP_Advanced - INFO - [unreal_mcp_server_advanced.py:169] - Connecting to Unreal at 127.0.0.1:55557 (attempt 1/4)...
2026-04-16 13:27:03,440 - UnrealMCP_Advanced - INFO - [unreal_mcp_server_advanced.py:176] - Successfully connected to Unreal Engine
2026-04-16 13:27:03,440 - UnrealMCP_Advanced - INFO - [unreal_mcp_server_advanced.py:384] - Sending command (attempt 2): execute_unreal_python
2026-04-16 13:27:03,441 - UnrealMCP_Advanced - DEBUG - [unreal_mcp_server_advanced.py:385] - Command payload: {"type": "execute_unreal_python", "params": {"python_script_or_patch": "import json\nimport unreal\n\nasset_path = '/Game/Blueprints/AC_TraversalLogic_probe_force'\nout_path = r'F:/project/GameAnimation57/GameAnimationSample/Saved/Logs/ac_traversallogic_probe_force_guidinspect.json'\n\nguid_targets = {\n    '21A313E74ECF345881D695A0E01EF5C1',\n    '2D1BE5F04CC49B225D3A6DBEDE484870',\n    '2C7F4536451C956EFBFE379EC7FE82FF',\n}\n\nresult = {\n    'asset_loaded': False,\n    'graph_found': False,\n...
2026-04-16 13:27:33,412 - UnrealMCP_Advanced - INFO - [unreal_mcp_server_advanced.py:286] - Received complete response (369459 bytes) for execute_unreal_python
2026-04-16 13:27:33,415 - UnrealMCP_Advanced - INFO - [unreal_mcp_server_advanced.py:402] - Command execute_unreal_python completed successfully
2026-04-16 13:27:33,415 - UnrealMCP_Advanced - WARNING - [unreal_mcp_server_advanced.py:407] - Unreal returned error: Traceback (most recent call last):
  File "F:/project/GameAnimation57/GameAnimationSample/Saved/UnrealMCP/PythonExec/D9002162407ED67F63B09A91BF73040C/wrapper.py", line 10, in <module>
    exec(compile(source, payload_path, 'exec'), scope, scope)
  File "F:/project/GameAnimation57/GameAnimationSample/Saved/UnrealMCP/PythonExec/D9002162407ED67F63B09A91BF73040C/payload.py", line 26, in <module>
    nodes = graph.get_editor_property('nodes')
            ^^^^^^^^^^^^^^^^^^^^^^^^^^^^^^^^^^
Exception: EdGraph: Property 'Nodes' for attribute 'nodes' on 'EdGraph' is protected and cannot be read

2026-04-16 13:27:33,427 - mcp.server.lowlevel.server - DEBUG - [server.py:572] - Response sent
2026-04-16 13:27:33,431 - mcp.server.lowlevel.server - DEBUG - [server.py:491] - Received message: <mcp.shared.session.RequestResponder object at 0x00000178D3C4C560>
2026-04-16 13:27:33,431 - mcp.server.lowlevel.server - INFO - [server.py:534] - Processing request of type CallToolRequest
2026-04-16 13:27:33,431 - mcp.server.lowlevel.server - DEBUG - [server.py:537] - Dispatching request of type CallToolRequest
2026-04-16 13:27:33,431 - UnrealMCP_Advanced - INFO - [unreal_mcp_server_advanced.py:169] - Connecting to Unreal at 127.0.0.1:55557 (attempt 1/4)...
2026-04-16 13:27:33,456 - UnrealMCP_Advanced - INFO - [unreal_mcp_server_advanced.py:176] - Successfully connected to Unreal Engine
2026-04-16 13:27:33,456 - UnrealMCP_Advanced - INFO - [unreal_mcp_server_advanced.py:384] - Sending command (attempt 1): get_headless_status
2026-04-16 13:27:33,456 - UnrealMCP_Advanced - DEBUG - [unreal_mcp_server_advanced.py:385] - Command payload: {"type": "get_headless_status", "params": {}}...
2026-04-16 13:27:33,509 - UnrealMCP_Advanced - INFO - [unreal_mcp_server_advanced.py:286] - Received complete response (219 bytes) for get_headless_status
2026-04-16 13:27:33,509 - UnrealMCP_Advanced - INFO - [unreal_mcp_server_advanced.py:402] - Command get_headless_status completed successfully
2026-04-16 13:27:33,512 - mcp.server.lowlevel.server - DEBUG - [server.py:491] - Received message: <mcp.shared.session.RequestResponder object at 0x00000178D3C4C290>
2026-04-16 13:27:33,512 - mcp.server.lowlevel.server - INFO - [server.py:534] - Processing request of type CallToolRequest
2026-04-16 13:27:33,512 - mcp.server.lowlevel.server - DEBUG - [server.py:537] - Dispatching request of type CallToolRequest
2026-04-16 13:27:33,512 - UnrealMCP_Advanced - INFO - [unreal_mcp_server_advanced.py:169] - Connecting to Unreal at 127.0.0.1:55557 (attempt 1/4)...
2026-04-16 13:27:33,532 - UnrealMCP_Advanced - INFO - [unreal_mcp_server_advanced.py:176] - Successfully connected to Unreal Engine
2026-04-16 13:27:33,532 - UnrealMCP_Advanced - INFO - [unreal_mcp_server_advanced.py:384] - Sending command (attempt 1): get_headless_status
2026-04-16 13:27:33,532 - UnrealMCP_Advanced - DEBUG - [unreal_mcp_server_advanced.py:385] - Command payload: {"type": "get_headless_status", "params": {}}...
2026-04-16 13:27:33,842 - UnrealMCP_Advanced - INFO - [unreal_mcp_server_advanced.py:286] - Received complete response (219 bytes) for get_headless_status
2026-04-16 13:27:33,842 - UnrealMCP_Advanced - INFO - [unreal_mcp_server_advanced.py:402] - Command get_headless_status completed successfully
2026-04-16 13:27:33,844 - mcp.server.lowlevel.server - DEBUG - [server.py:572] - Response sent
2026-04-16 13:27:33,844 - mcp.server.lowlevel.server - DEBUG - [server.py:572] - Response sent
2026-04-16 13:28:14,463 - mcp.server.lowlevel.server - DEBUG - [server.py:491] - Received message: <mcp.shared.session.RequestResponder object at 0x00000178D3C4C4D0>
2026-04-16 13:28:14,474 - mcp.server.lowlevel.server - INFO - [server.py:534] - Processing request of type CallToolRequest
2026-04-16 13:28:14,474 - mcp.server.lowlevel.server - DEBUG - [server.py:537] - Dispatching request of type CallToolRequest
2026-04-16 13:28:14,474 - UnrealMCP_Advanced - INFO - [unreal_mcp_server_advanced.py:169] - Connecting to Unreal at 127.0.0.1:55557 (attempt 1/4)...
2026-04-16 13:28:14,474 - UnrealMCP_Advanced - INFO - [unreal_mcp_server_advanced.py:176] - Successfully connected to Unreal Engine
2026-04-16 13:28:14,475 - UnrealMCP_Advanced - INFO - [unreal_mcp_server_advanced.py:384] - Sending command (attempt 1): run_python
2026-04-16 13:28:14,475 - UnrealMCP_Advanced - DEBUG - [unreal_mcp_server_advanced.py:385] - Command payload: {"type": "run_python", "params": {"code": "import json\nimport unreal\n\nasset_path = '/Game/Blueprints/AC_TraversalLogic_probe_force'\nout_path = r'F:/project/GameAnimation57/GameAnimationSample/Saved/Logs/ac_traversallogic_probe_force_guidinspect.json'\n\nguid_targets = {\n    '21A313E74ECF345881D695A0E01EF5C1',\n    '2D1BE5F04CC49B225D3A6DBEDE484870',\n    '2C7F4536451C956EFBFE379EC7FE82FF',\n}\n\nresult = {\n    'asset_loaded': False,\n    'graph_found': False,\n    'node_count': 0,\n    'ma...
2026-04-16 13:28:42,682 - UnrealMCP_Advanced - INFO - [unreal_mcp_server_advanced.py:286] - Received complete response (369351 bytes) for run_python
2026-04-16 13:28:42,684 - UnrealMCP_Advanced - INFO - [unreal_mcp_server_advanced.py:402] - Command run_python completed successfully
2026-04-16 13:28:42,684 - UnrealMCP_Advanced - WARNING - [unreal_mcp_server_advanced.py:407] - Unreal returned error: Traceback (most recent call last):
  File "F:/project/GameAnimation57/GameAnimationSample/Saved/UnrealMCP/PythonExec/4712D3924E58639CCC2E45AFE95EF0A0/wrapper.py", line 10, in <module>
    exec(compile(source, payload_path, 'exec'), scope, scope)
  File "F:/project/GameAnimation57/GameAnimationSample/Saved/UnrealMCP/PythonExec/4712D3924E58639CCC2E45AFE95EF0A0/payload.py", line 26, in <module>
    nodes = graph.get_editor_property('nodes')
            ^^^^^^^^^^^^^^^^^^^^^^^^^^^^^^^^^^
Exception: EdGraph: Property 'Nodes' for attribute 'nodes' on 'EdGraph' is protected and cannot be read

2026-04-16 13:28:42,700 - mcp.server.lowlevel.server - DEBUG - [server.py:572] - Response sent
2026-04-16 13:29:00,497 - mcp.server.lowlevel.server - DEBUG - [server.py:491] - Received message: <mcp.shared.session.RequestResponder object at 0x00000178D3C4C710>
2026-04-16 13:29:00,497 - mcp.server.lowlevel.server - INFO - [server.py:534] - Processing request of type CallToolRequest
2026-04-16 13:29:00,497 - mcp.server.lowlevel.server - DEBUG - [server.py:537] - Dispatching request of type CallToolRequest
2026-04-16 13:29:00,511 - UnrealMCP_Advanced - INFO - [unreal_mcp_server_advanced.py:169] - Connecting to Unreal at 127.0.0.1:55557 (attempt 1/4)...
2026-04-16 13:29:00,522 - UnrealMCP_Advanced - INFO - [unreal_mcp_server_advanced.py:176] - Successfully connected to Unreal Engine
2026-04-16 13:29:00,522 - UnrealMCP_Advanced - INFO - [unreal_mcp_server_advanced.py:384] - Sending command (attempt 1): get_asset_bpy
2026-04-16 13:29:00,523 - UnrealMCP_Advanced - DEBUG - [unreal_mcp_server_advanced.py:385] - Command payload: {"type": "get_asset_bpy", "params": {"asset_path": "/Game/Blueprints/AC_TraversalLogic_probe_force"}}...
2026-04-16 13:29:00,875 - UnrealMCP_Advanced - INFO - [unreal_mcp_server_advanced.py:286] - Received complete response (8919 bytes) for get_asset_bpy
2026-04-16 13:29:00,875 - UnrealMCP_Advanced - INFO - [unreal_mcp_server_advanced.py:402] - Command get_asset_bpy completed successfully
2026-04-16 13:29:00,876 - mcp.server.lowlevel.server - DEBUG - [server.py:572] - Response sent
2026-04-16 13:29:00,895 - mcp.server.lowlevel.server - DEBUG - [server.py:491] - Received message: <mcp.shared.session.RequestResponder object at 0x00000178D3C4C5F0>
2026-04-16 13:29:00,896 - mcp.server.lowlevel.server - INFO - [server.py:534] - Processing request of type CallToolRequest
2026-04-16 13:29:00,896 - mcp.server.lowlevel.server - DEBUG - [server.py:537] - Dispatching request of type CallToolRequest
2026-04-16 13:29:00,897 - UnrealMCP_Advanced - INFO - [unreal_mcp_server_advanced.py:169] - Connecting to Unreal at 127.0.0.1:55557 (attempt 1/4)...
2026-04-16 13:29:00,898 - UnrealMCP_Advanced - INFO - [unreal_mcp_server_advanced.py:176] - Successfully connected to Unreal Engine
2026-04-16 13:29:00,898 - UnrealMCP_Advanced - INFO - [unreal_mcp_server_advanced.py:384] - Sending command (attempt 1): export_asset_bpy
2026-04-16 13:29:00,898 - UnrealMCP_Advanced - DEBUG - [unreal_mcp_server_advanced.py:385] - Command payload: {"type": "export_asset_bpy", "params": {"asset_path": "/Game/Blueprints/AC_TraversalLogic_probe_force", "output_path": "F:/project/GameAnimation57/GameAnimationSample/Saved/Logs/AC_TraversalLogic_probe_force_exported.bpy.py"}}...
2026-04-16 13:29:01,201 - UnrealMCP_Advanced - INFO - [unreal_mcp_server_advanced.py:286] - Received complete response (8887 bytes) for export_asset_bpy
2026-04-16 13:29:01,201 - UnrealMCP_Advanced - INFO - [unreal_mcp_server_advanced.py:402] - Command export_asset_bpy completed successfully
2026-04-16 13:29:01,202 - mcp.server.lowlevel.server - DEBUG - [server.py:572] - Response sent
2026-04-16 13:29:41,195 - mcp.server.lowlevel.server - DEBUG - [server.py:491] - Received message: <mcp.shared.session.RequestResponder object at 0x00000178D3C4C680>
2026-04-16 13:29:41,196 - mcp.server.lowlevel.server - INFO - [server.py:534] - Processing request of type CallToolRequest
2026-04-16 13:29:41,196 - mcp.server.lowlevel.server - DEBUG - [server.py:537] - Dispatching request of type CallToolRequest
2026-04-16 13:29:41,199 - UnrealMCP_Advanced - INFO - [unreal_mcp_server_advanced.py:169] - Connecting to Unreal at 127.0.0.1:55557 (attempt 1/4)...
2026-04-16 13:29:41,210 - UnrealMCP_Advanced - INFO - [unreal_mcp_server_advanced.py:176] - Successfully connected to Unreal Engine
2026-04-16 13:29:41,210 - UnrealMCP_Advanced - INFO - [unreal_mcp_server_advanced.py:384] - Sending command (attempt 1): export_blueprint_functions
2026-04-16 13:29:41,210 - UnrealMCP_Advanced - DEBUG - [unreal_mcp_server_advanced.py:385] - Command payload: {"type": "export_blueprint_functions", "params": {"asset_path": "/Game/Blueprints/AC_TraversalLogic_probe_force", "directory": "F:/project/GameAnimation57/GameAnimationSample/Saved/Logs/probe_force_funcs"}}...
2026-04-16 13:29:41,542 - UnrealMCP_Advanced - INFO - [unreal_mcp_server_advanced.py:286] - Received complete response (320 bytes) for export_blueprint_functions
2026-04-16 13:29:41,542 - UnrealMCP_Advanced - INFO - [unreal_mcp_server_advanced.py:402] - Command export_blueprint_functions completed successfully
2026-04-16 13:29:41,542 - UnrealMCP_Advanced - WARNING - [unreal_mcp_server_advanced.py:407] - Unreal returned error: Asset directory must be under /Game: F:/project/GameAnimation57/GameAnimationSample/Saved/Logs/probe_force_funcs
2026-04-16 13:29:41,553 - mcp.server.lowlevel.server - DEBUG - [server.py:572] - Response sent
2026-04-16 13:30:08,431 - mcp.server.lowlevel.server - DEBUG - [server.py:491] - Received message: <mcp.shared.session.RequestResponder object at 0x00000178D3C4C830>
2026-04-16 13:30:08,431 - mcp.server.lowlevel.server - INFO - [server.py:534] - Processing request of type CallToolRequest
2026-04-16 13:30:08,431 - mcp.server.lowlevel.server - DEBUG - [server.py:537] - Dispatching request of type CallToolRequest
2026-04-16 13:30:08,443 - UnrealMCP_Advanced - INFO - [unreal_mcp_server_advanced.py:169] - Connecting to Unreal at 127.0.0.1:55557 (attempt 1/4)...
2026-04-16 13:30:08,444 - UnrealMCP_Advanced - INFO - [unreal_mcp_server_advanced.py:176] - Successfully connected to Unreal Engine
2026-04-16 13:30:08,444 - UnrealMCP_Advanced - INFO - [unreal_mcp_server_advanced.py:384] - Sending command (attempt 1): get_blueprint_meta
2026-04-16 13:30:08,444 - UnrealMCP_Advanced - DEBUG - [unreal_mcp_server_advanced.py:385] - Command payload: {"type": "get_blueprint_meta", "params": {"asset_path": "/Game/Blueprints/AC_TraversalLogic_probe_force", "parts": ["functions"], "property_value_depth": 3}}...
2026-04-16 13:30:08,550 - UnrealMCP_Advanced - INFO - [unreal_mcp_server_advanced.py:286] - Received complete response (1042 bytes) for get_blueprint_meta
2026-04-16 13:30:08,550 - UnrealMCP_Advanced - INFO - [unreal_mcp_server_advanced.py:402] - Command get_blueprint_meta completed successfully
2026-04-16 13:30:08,550 - mcp.server.lowlevel.server - DEBUG - [server.py:572] - Response sent
2026-04-16 13:30:18,407 - mcp.server.lowlevel.server - DEBUG - [server.py:491] - Received message: <mcp.shared.session.RequestResponder object at 0x00000178D3C4C440>
2026-04-16 13:30:18,407 - mcp.server.lowlevel.server - INFO - [server.py:534] - Processing request of type CallToolRequest
2026-04-16 13:30:18,407 - mcp.server.lowlevel.server - DEBUG - [server.py:537] - Dispatching request of type CallToolRequest
2026-04-16 13:30:18,409 - UnrealMCP_Advanced - INFO - [unreal_mcp_server_advanced.py:169] - Connecting to Unreal at 127.0.0.1:55557 (attempt 1/4)...
2026-04-16 13:30:18,409 - UnrealMCP_Advanced - INFO - [unreal_mcp_server_advanced.py:176] - Successfully connected to Unreal Engine
2026-04-16 13:30:18,410 - UnrealMCP_Advanced - INFO - [unreal_mcp_server_advanced.py:384] - Sending command (attempt 1): get_blueprint_py
2026-04-16 13:30:18,410 - UnrealMCP_Advanced - DEBUG - [unreal_mcp_server_advanced.py:385] - Command payload: {"type": "get_blueprint_py", "params": {"asset_path": "/Game/Blueprints/AC_TraversalLogic_probe_force"}}...
2026-04-16 13:30:19,093 - UnrealMCP_Advanced - INFO - [unreal_mcp_server_advanced.py:286] - Received complete response (1322456 bytes) for get_blueprint_py
2026-04-16 13:30:19,096 - UnrealMCP_Advanced - INFO - [unreal_mcp_server_advanced.py:402] - Command get_blueprint_py completed successfully
2026-04-16 13:30:19,164 - mcp.server.lowlevel.server - DEBUG - [server.py:572] - Response sent
2026-04-16 13:33:39,945 - mcp.server.lowlevel.server - DEBUG - [server.py:491] - Received message: <mcp.shared.session.RequestResponder object at 0x00000178D3C4C8C0>
2026-04-16 13:33:39,945 - mcp.server.lowlevel.server - INFO - [server.py:534] - Processing request of type CallToolRequest
2026-04-16 13:33:39,945 - mcp.server.lowlevel.server - DEBUG - [server.py:537] - Dispatching request of type CallToolRequest
2026-04-16 13:33:39,946 - UnrealMCP_Advanced - INFO - [unreal_mcp_server_advanced.py:169] - Connecting to Unreal at 127.0.0.1:55557 (attempt 1/4)...
2026-04-16 13:33:39,969 - UnrealMCP_Advanced - INFO - [unreal_mcp_server_advanced.py:176] - Successfully connected to Unreal Engine
2026-04-16 13:33:39,970 - UnrealMCP_Advanced - INFO - [unreal_mcp_server_advanced.py:384] - Sending command (attempt 1): get_headless_status
2026-04-16 13:33:39,970 - UnrealMCP_Advanced - DEBUG - [unreal_mcp_server_advanced.py:385] - Command payload: {"type": "get_headless_status", "params": {}}...
2026-04-16 13:33:40,250 - UnrealMCP_Advanced - INFO - [unreal_mcp_server_advanced.py:286] - Received complete response (219 bytes) for get_headless_status
2026-04-16 13:33:40,250 - UnrealMCP_Advanced - INFO - [unreal_mcp_server_advanced.py:402] - Command get_headless_status completed successfully
2026-04-16 13:33:40,251 - mcp.server.lowlevel.server - DEBUG - [server.py:572] - Response sent
2026-04-16 13:33:40,254 - mcp.server.lowlevel.server - DEBUG - [server.py:491] - Received message: <mcp.shared.session.RequestResponder object at 0x00000178D3C4C680>
2026-04-16 13:33:40,254 - mcp.server.lowlevel.server - INFO - [server.py:534] - Processing request of type CallToolRequest
2026-04-16 13:33:40,254 - mcp.server.lowlevel.server - DEBUG - [server.py:537] - Dispatching request of type CallToolRequest
2026-04-16 13:33:40,265 - UnrealMCP_Advanced - INFO - [unreal_mcp_server_advanced.py:169] - Connecting to Unreal at 127.0.0.1:55557 (attempt 1/4)...
2026-04-16 13:33:40,266 - UnrealMCP_Advanced - INFO - [unreal_mcp_server_advanced.py:176] - Successfully connected to Unreal Engine
2026-04-16 13:33:40,266 - UnrealMCP_Advanced - INFO - [unreal_mcp_server_advanced.py:384] - Sending command (attempt 1): get_unreal_context
2026-04-16 13:33:40,266 - UnrealMCP_Advanced - DEBUG - [unreal_mcp_server_advanced.py:385] - Command payload: {"type": "get_unreal_context", "params": {}}...
2026-04-16 13:33:40,588 - UnrealMCP_Advanced - INFO - [unreal_mcp_server_advanced.py:286] - Received complete response (242 bytes) for get_unreal_context
2026-04-16 13:33:40,588 - UnrealMCP_Advanced - INFO - [unreal_mcp_server_advanced.py:402] - Command get_unreal_context completed successfully
2026-04-16 13:33:40,588 - mcp.server.lowlevel.server - DEBUG - [server.py:572] - Response sent
2026-04-16 13:33:49,938 - mcp.server.lowlevel.server - DEBUG - [server.py:491] - Received message: <mcp.shared.session.RequestResponder object at 0x00000178D3C4C830>
2026-04-16 13:33:49,938 - mcp.server.lowlevel.server - INFO - [server.py:534] - Processing request of type CallToolRequest
2026-04-16 13:33:49,938 - mcp.server.lowlevel.server - DEBUG - [server.py:537] - Dispatching request of type CallToolRequest
2026-04-16 13:33:49,949 - UnrealMCP_Advanced - INFO - [unreal_mcp_server_advanced.py:169] - Connecting to Unreal at 127.0.0.1:55557 (attempt 1/4)...
2026-04-16 13:33:49,966 - UnrealMCP_Advanced - INFO - [unreal_mcp_server_advanced.py:176] - Successfully connected to Unreal Engine
2026-04-16 13:33:49,966 - UnrealMCP_Advanced - INFO - [unreal_mcp_server_advanced.py:384] - Sending command (attempt 1): shutdown_headless
2026-04-16 13:33:49,966 - UnrealMCP_Advanced - DEBUG - [unreal_mcp_server_advanced.py:385] - Command payload: {"type": "shutdown_headless", "params": {}}...
2026-04-16 13:33:50,250 - UnrealMCP_Advanced - INFO - [unreal_mcp_server_advanced.py:286] - Received complete response (281 bytes) for shutdown_headless
2026-04-16 13:33:50,250 - UnrealMCP_Advanced - INFO - [unreal_mcp_server_advanced.py:402] - Command shutdown_headless completed successfully
2026-04-16 13:33:50,250 - mcp.server.lowlevel.server - DEBUG - [server.py:572] - Response sent
2026-04-16 13:34:35,145 - mcp.server.lowlevel.server - DEBUG - [server.py:491] - Received message: <mcp.shared.session.RequestResponder object at 0x00000178D3C4C170>
2026-04-16 13:34:35,145 - mcp.server.lowlevel.server - INFO - [server.py:534] - Processing request of type CallToolRequest
2026-04-16 13:34:35,145 - mcp.server.lowlevel.server - DEBUG - [server.py:537] - Dispatching request of type CallToolRequest
2026-04-16 13:34:35,145 - UnrealMCP_Advanced - INFO - [unreal_mcp_server_advanced.py:169] - Connecting to Unreal at 127.0.0.1:55557 (attempt 1/4)...
2026-04-16 13:34:35,170 - UnrealMCP_Advanced - INFO - [unreal_mcp_server_advanced.py:176] - Successfully connected to Unreal Engine
2026-04-16 13:34:35,170 - UnrealMCP_Advanced - INFO - [unreal_mcp_server_advanced.py:384] - Sending command (attempt 1): get_unreal_context
2026-04-16 13:34:35,170 - UnrealMCP_Advanced - DEBUG - [unreal_mcp_server_advanced.py:385] - Command payload: {"type": "get_unreal_context", "params": {}}...
2026-04-16 13:34:42,006 - UnrealMCP_Advanced - INFO - [unreal_mcp_server_advanced.py:286] - Received complete response (242 bytes) for get_unreal_context
2026-04-16 13:34:42,006 - UnrealMCP_Advanced - INFO - [unreal_mcp_server_advanced.py:402] - Command get_unreal_context completed successfully
2026-04-16 13:34:42,006 - mcp.server.lowlevel.server - DEBUG - [server.py:572] - Response sent
2026-04-16 13:34:55,815 - mcp.server.lowlevel.server - DEBUG - [server.py:491] - Received message: <mcp.shared.session.RequestResponder object at 0x00000178D3C4C8C0>
2026-04-16 13:34:55,815 - mcp.server.lowlevel.server - INFO - [server.py:534] - Processing request of type CallToolRequest
2026-04-16 13:34:55,816 - mcp.server.lowlevel.server - DEBUG - [server.py:537] - Dispatching request of type CallToolRequest
2026-04-16 13:34:55,816 - UnrealMCP_Advanced - INFO - [unreal_mcp_server_advanced.py:169] - Connecting to Unreal at 127.0.0.1:55557 (attempt 1/4)...
2026-04-16 13:34:55,838 - UnrealMCP_Advanced - INFO - [unreal_mcp_server_advanced.py:176] - Successfully connected to Unreal Engine
2026-04-16 13:34:55,838 - UnrealMCP_Advanced - INFO - [unreal_mcp_server_advanced.py:384] - Sending command (attempt 1): analyze_blueprint_graph_fast
2026-04-16 13:34:55,838 - UnrealMCP_Advanced - DEBUG - [unreal_mcp_server_advanced.py:385] - Command payload: {"type": "analyze_blueprint_graph_fast", "params": {"blueprint_path": "/Game/Blueprints/AC_TraversalLogic.AC_TraversalLogic", "graph_name": "TryTraversalAction", "include_node_details": true, "include_pin_connections": true, "trace_execution_flow": false}}...
2026-04-16 13:34:56,005 - UnrealMCP_Advanced - INFO - [unreal_mcp_server_advanced.py:286] - Received complete response (90367 bytes) for analyze_blueprint_graph_fast
2026-04-16 13:34:56,005 - UnrealMCP_Advanced - INFO - [unreal_mcp_server_advanced.py:402] - Command analyze_blueprint_graph_fast completed successfully
2026-04-16 13:34:56,009 - mcp.server.lowlevel.server - DEBUG - [server.py:572] - Response sent
2026-04-16 13:35:19,388 - mcp.server.lowlevel.server - DEBUG - [server.py:491] - Received message: <mcp.shared.session.RequestResponder object at 0x00000178D3C4C680>
2026-04-16 13:35:19,388 - mcp.server.lowlevel.server - INFO - [server.py:534] - Processing request of type CallToolRequest
2026-04-16 13:35:19,388 - mcp.server.lowlevel.server - DEBUG - [server.py:537] - Dispatching request of type CallToolRequest
2026-04-16 13:35:19,388 - UnrealMCP_Advanced - INFO - [unreal_mcp_server_advanced.py:169] - Connecting to Unreal at 127.0.0.1:55557 (attempt 1/4)...
2026-04-16 13:35:19,407 - UnrealMCP_Advanced - INFO - [unreal_mcp_server_advanced.py:176] - Successfully connected to Unreal Engine
2026-04-16 13:35:19,407 - UnrealMCP_Advanced - INFO - [unreal_mcp_server_advanced.py:384] - Sending command (attempt 1): execute_unreal_python
2026-04-16 13:35:19,407 - UnrealMCP_Advanced - DEBUG - [unreal_mcp_server_advanced.py:385] - Command payload: {"type": "execute_unreal_python", "params": {"python_script_or_patch": "import unreal\nasset_path = '/Game/Blueprints/AC_TraversalLogic.AC_TraversalLogic'\nnode_guids = {\n    '21A313E74ECF345881D695A0E01EF5C1',\n    '2D1BE5F04CC49B225D3A6DBEDE484870',\n    '2C7F4536451C956EFBFE379EC7FE82FF',\n}\nasset = unreal.load_asset(asset_path)\nif not asset:\n    print('asset_missing')\n    raise RuntimeError('asset missing')\n\nall_graphs = []\nfor arr_name in ['ubergraph_pages','function_graphs','macro_...
2026-04-16 13:35:49,206 - UnrealMCP_Advanced - INFO - [unreal_mcp_server_advanced.py:286] - Received complete response (367806 bytes) for execute_unreal_python
2026-04-16 13:35:49,208 - UnrealMCP_Advanced - INFO - [unreal_mcp_server_advanced.py:402] - Command execute_unreal_python completed successfully
2026-04-16 13:35:49,226 - mcp.server.lowlevel.server - DEBUG - [server.py:572] - Response sent
2026-04-16 13:42:18,401 - mcp.server.lowlevel.server - DEBUG - [server.py:491] - Received message: <mcp.shared.session.RequestResponder object at 0x00000178D3C4C830>
2026-04-16 13:42:18,401 - mcp.server.lowlevel.server - INFO - [server.py:534] - Processing request of type CallToolRequest
2026-04-16 13:42:18,401 - mcp.server.lowlevel.server - DEBUG - [server.py:537] - Dispatching request of type CallToolRequest
2026-04-16 13:42:18,408 - UnrealMCP_Advanced - INFO - [unreal_mcp_server_advanced.py:169] - Connecting to Unreal at 127.0.0.1:55557 (attempt 1/4)...
2026-04-16 13:42:18,409 - UnrealMCP_Advanced - INFO - [unreal_mcp_server_advanced.py:176] - Successfully connected to Unreal Engine
2026-04-16 13:42:18,409 - UnrealMCP_Advanced - INFO - [unreal_mcp_server_advanced.py:384] - Sending command (attempt 1): compile_cpp
2026-04-16 13:42:18,409 - UnrealMCP_Advanced - DEBUG - [unreal_mcp_server_advanced.py:385] - Command payload: {"type": "compile_cpp", "params": {"wait": true, "show_console": false, "enable_if_needed": true}}...
2026-04-16 13:43:34,484 - UnrealMCP_Advanced - INFO - [unreal_mcp_server_advanced.py:286] - Received complete response (315 bytes) for compile_cpp
2026-04-16 13:43:34,484 - UnrealMCP_Advanced - INFO - [unreal_mcp_server_advanced.py:402] - Command compile_cpp completed successfully
2026-04-16 13:43:34,485 - mcp.server.lowlevel.server - DEBUG - [server.py:572] - Response sent
2026-04-16 13:43:54,529 - mcp.server.lowlevel.server - DEBUG - [server.py:491] - Received message: <mcp.shared.session.RequestResponder object at 0x00000178D3C4C440>
2026-04-16 13:43:54,529 - mcp.server.lowlevel.server - INFO - [server.py:534] - Processing request of type CallToolRequest
2026-04-16 13:43:54,529 - mcp.server.lowlevel.server - DEBUG - [server.py:537] - Dispatching request of type CallToolRequest
2026-04-16 13:43:54,542 - UnrealMCP_Advanced - INFO - [unreal_mcp_server_advanced.py:169] - Connecting to Unreal at 127.0.0.1:55557 (attempt 1/4)...
2026-04-16 13:43:54,543 - UnrealMCP_Advanced - INFO - [unreal_mcp_server_advanced.py:176] - Successfully connected to Unreal Engine
2026-04-16 13:43:54,543 - UnrealMCP_Advanced - INFO - [unreal_mcp_server_advanced.py:384] - Sending command (attempt 1): import_blueprint_from_bpy
2026-04-16 13:43:54,543 - UnrealMCP_Advanced - DEBUG - [unreal_mcp_server_advanced.py:385] - Command payload: {"type": "import_blueprint_from_bpy", "params": {"input_path": "F:/project/GameAnimation57/GameAnimationSample/ExportedBlueprints/bpy/AC_TraversalLogic", "target": "/Game/Blueprints/AC_TraversalLogic_probe_cppfix1", "overwrite": true, "compile_blueprint": false}}...
2026-04-16 13:43:55,451 - UnrealMCP_Advanced - INFO - [unreal_mcp_server_advanced.py:286] - Received complete response (750 bytes) for import_blueprint_from_bpy
2026-04-16 13:43:55,451 - UnrealMCP_Advanced - INFO - [unreal_mcp_server_advanced.py:402] - Command import_blueprint_from_bpy completed successfully
2026-04-16 13:43:55,451 - UnrealMCP_Advanced - WARNING - [unreal_mcp_server_advanced.py:407] - Unreal returned error: bpy import failed (F:/project/GameAnimation57/GameAnimationSample/ExportedBlueprints/bpy/AC_TraversalLogic -> /Game/Blueprints/AC_TraversalLogic_probe_cppfix1): [TryTraversalAction] Default mismatch on node vector + vector [K2Node_PromotableOperator] (guid=21A313E7-4ECF-3458-81D6-95A0E01EF5C1), pin 'B': expected='2' actual=''
2026-04-16 13:43:55,454 - mcp.server.lowlevel.server - DEBUG - [server.py:572] - Response sent
2026-04-16 13:46:37,822 - mcp.server.lowlevel.server - DEBUG - [server.py:491] - Received message: <mcp.shared.session.RequestResponder object at 0x00000178D3C4C0E0>
2026-04-16 13:46:37,822 - mcp.server.lowlevel.server - INFO - [server.py:534] - Processing request of type CallToolRequest
2026-04-16 13:46:37,822 - mcp.server.lowlevel.server - DEBUG - [server.py:537] - Dispatching request of type CallToolRequest
2026-04-16 13:46:37,822 - UnrealMCP_Advanced - INFO - [unreal_mcp_server_advanced.py:169] - Connecting to Unreal at 127.0.0.1:55557 (attempt 1/4)...
2026-04-16 13:46:37,843 - UnrealMCP_Advanced - INFO - [unreal_mcp_server_advanced.py:176] - Successfully connected to Unreal Engine
2026-04-16 13:46:37,844 - UnrealMCP_Advanced - INFO - [unreal_mcp_server_advanced.py:384] - Sending command (attempt 1): compile_cpp
2026-04-16 13:46:37,844 - UnrealMCP_Advanced - DEBUG - [unreal_mcp_server_advanced.py:385] - Command payload: {"type": "compile_cpp", "params": {"wait": true, "show_console": false, "enable_if_needed": true}}...
2026-04-16 13:51:37,844 - UnrealMCP_Advanced - WARNING - [unreal_mcp_server_advanced.py:336] - Command failed (attempt 1/4): Timeout after 300.0s waiting for response to compile_cpp (received 0 bytes)
2026-04-16 13:51:37,845 - UnrealMCP_Advanced - DEBUG - [unreal_mcp_server_advanced.py:222] - Disconnected from Unreal Engine
2026-04-16 13:51:37,845 - UnrealMCP_Advanced - INFO - [unreal_mcp_server_advanced.py:343] - Retrying command in 0.5s...
2026-04-16 13:51:38,346 - UnrealMCP_Advanced - INFO - [unreal_mcp_server_advanced.py:169] - Connecting to Unreal at 127.0.0.1:55557 (attempt 1/4)...
2026-04-16 13:51:38,346 - UnrealMCP_Advanced - INFO - [unreal_mcp_server_advanced.py:176] - Successfully connected to Unreal Engine
2026-04-16 13:51:38,346 - UnrealMCP_Advanced - INFO - [unreal_mcp_server_advanced.py:384] - Sending command (attempt 2): compile_cpp
2026-04-16 13:51:38,346 - UnrealMCP_Advanced - DEBUG - [unreal_mcp_server_advanced.py:385] - Command payload: {"type": "compile_cpp", "params": {"wait": true, "show_console": false, "enable_if_needed": true}}...
2026-04-16 13:52:37,701 - UnrealMCP_Advanced - INFO - [unreal_mcp_server_advanced.py:286] - Received complete response (315 bytes) for compile_cpp
2026-04-16 13:52:37,701 - UnrealMCP_Advanced - INFO - [unreal_mcp_server_advanced.py:402] - Command compile_cpp completed successfully
2026-04-16 13:52:37,701 - mcp.server.lowlevel.server - DEBUG - [server.py:572] - Response sent
2026-04-16 13:52:37,702 - mcp.server.lowlevel.server - DEBUG - [server.py:491] - Received message: <mcp.shared.session.RequestResponder object at 0x00000178D3C4C4D0>
2026-04-16 13:52:37,702 - mcp.server.lowlevel.server - INFO - [server.py:534] - Processing request of type CallToolRequest
2026-04-16 13:52:37,702 - mcp.server.lowlevel.server - DEBUG - [server.py:537] - Dispatching request of type CallToolRequest
2026-04-16 13:52:37,709 - UnrealMCP_Advanced - INFO - [unreal_mcp_server_advanced.py:169] - Connecting to Unreal at 127.0.0.1:55557 (attempt 1/4)...
2026-04-16 13:52:37,726 - UnrealMCP_Advanced - INFO - [unreal_mcp_server_advanced.py:176] - Successfully connected to Unreal Engine
2026-04-16 13:52:37,727 - UnrealMCP_Advanced - INFO - [unreal_mcp_server_advanced.py:384] - Sending command (attempt 1): get_live_coding_log
2026-04-16 13:52:37,727 - UnrealMCP_Advanced - DEBUG - [unreal_mcp_server_advanced.py:385] - Command payload: {"type": "get_live_coding_log", "params": {"max_lines": 220}}...
2026-04-16 13:52:38,073 - UnrealMCP_Advanced - INFO - [unreal_mcp_server_advanced.py:286] - Received complete response (53805 bytes) for get_live_coding_log
2026-04-16 13:52:38,073 - UnrealMCP_Advanced - INFO - [unreal_mcp_server_advanced.py:402] - Command get_live_coding_log completed successfully
2026-04-16 13:52:38,077 - mcp.server.lowlevel.server - DEBUG - [server.py:491] - Received message: <mcp.shared.session.RequestResponder object at 0x00000178D3C4C290>
2026-04-16 13:52:38,077 - mcp.server.lowlevel.server - INFO - [server.py:534] - Processing request of type CallToolRequest
2026-04-16 13:52:38,077 - mcp.server.lowlevel.server - DEBUG - [server.py:537] - Dispatching request of type CallToolRequest
2026-04-16 13:52:38,077 - UnrealMCP_Advanced - INFO - [unreal_mcp_server_advanced.py:169] - Connecting to Unreal at 127.0.0.1:55557 (attempt 1/4)...
2026-04-16 13:52:38,102 - UnrealMCP_Advanced - INFO - [unreal_mcp_server_advanced.py:176] - Successfully connected to Unreal Engine
2026-04-16 13:52:38,102 - UnrealMCP_Advanced - INFO - [unreal_mcp_server_advanced.py:384] - Sending command (attempt 1): compile_cpp
2026-04-16 13:52:38,102 - UnrealMCP_Advanced - DEBUG - [unreal_mcp_server_advanced.py:385] - Command payload: {"type": "compile_cpp", "params": {"wait": false, "show_console": true, "enable_if_needed": true}}...
2026-04-16 13:52:38,392 - UnrealMCP_Advanced - INFO - [unreal_mcp_server_advanced.py:286] - Received complete response (317 bytes) for compile_cpp
2026-04-16 13:52:38,393 - UnrealMCP_Advanced - INFO - [unreal_mcp_server_advanced.py:402] - Command compile_cpp completed successfully
2026-04-16 13:52:38,394 - mcp.server.lowlevel.server - DEBUG - [server.py:572] - Response sent
2026-04-16 13:52:38,394 - mcp.server.lowlevel.server - DEBUG - [server.py:572] - Response sent
2026-04-16 13:52:48,679 - mcp.server.lowlevel.server - DEBUG - [server.py:491] - Received message: <mcp.shared.session.RequestResponder object at 0x00000178D3C4C440>
2026-04-16 13:52:48,680 - mcp.server.lowlevel.server - INFO - [server.py:534] - Processing request of type CallToolRequest
2026-04-16 13:52:48,680 - mcp.server.lowlevel.server - DEBUG - [server.py:537] - Dispatching request of type CallToolRequest
2026-04-16 13:52:48,680 - UnrealMCP_Advanced - INFO - [unreal_mcp_server_advanced.py:169] - Connecting to Unreal at 127.0.0.1:55557 (attempt 1/4)...
2026-04-16 13:52:48,680 - UnrealMCP_Advanced - INFO - [unreal_mcp_server_advanced.py:176] - Successfully connected to Unreal Engine
2026-04-16 13:52:48,680 - UnrealMCP_Advanced - INFO - [unreal_mcp_server_advanced.py:384] - Sending command (attempt 1): get_live_coding_log
2026-04-16 13:52:48,680 - UnrealMCP_Advanced - DEBUG - [unreal_mcp_server_advanced.py:385] - Command payload: {"type": "get_live_coding_log", "params": {"max_lines": 260}}...
2026-04-16 13:52:49,076 - UnrealMCP_Advanced - INFO - [unreal_mcp_server_advanced.py:286] - Received complete response (61427 bytes) for get_live_coding_log
2026-04-16 13:52:49,076 - UnrealMCP_Advanced - INFO - [unreal_mcp_server_advanced.py:402] - Command get_live_coding_log completed successfully
2026-04-16 13:52:49,078 - mcp.server.lowlevel.server - DEBUG - [server.py:572] - Response sent
2026-04-16 13:53:01,926 - mcp.server.lowlevel.server - DEBUG - [server.py:491] - Received message: <mcp.shared.session.RequestResponder object at 0x00000178D3C4C0E0>
2026-04-16 13:53:01,927 - mcp.server.lowlevel.server - INFO - [server.py:534] - Processing request of type CallToolRequest
2026-04-16 13:53:01,927 - mcp.server.lowlevel.server - DEBUG - [server.py:537] - Dispatching request of type CallToolRequest
2026-04-16 13:53:01,927 - UnrealMCP_Advanced - INFO - [unreal_mcp_server_advanced.py:169] - Connecting to Unreal at 127.0.0.1:55557 (attempt 1/4)...
2026-04-16 13:53:01,939 - UnrealMCP_Advanced - INFO - [unreal_mcp_server_advanced.py:176] - Successfully connected to Unreal Engine
2026-04-16 13:53:01,939 - UnrealMCP_Advanced - INFO - [unreal_mcp_server_advanced.py:384] - Sending command (attempt 1): compile_cpp
2026-04-16 13:53:01,939 - UnrealMCP_Advanced - DEBUG - [unreal_mcp_server_advanced.py:385] - Command payload: {"type": "compile_cpp", "params": {"wait": true, "show_console": false, "enable_if_needed": true}}...
2026-04-16 13:53:02,067 - UnrealMCP_Advanced - INFO - [unreal_mcp_server_advanced.py:286] - Received complete response (340 bytes) for compile_cpp
2026-04-16 13:53:02,067 - UnrealMCP_Advanced - INFO - [unreal_mcp_server_advanced.py:402] - Command compile_cpp completed successfully
2026-04-16 13:53:02,067 - UnrealMCP_Advanced - WARNING - [unreal_mcp_server_advanced.py:407] - Unreal returned error: Unknown error
2026-04-16 13:53:02,067 - mcp.server.lowlevel.server - DEBUG - [server.py:572] - Response sent
2026-04-16 13:53:16,278 - mcp.server.lowlevel.server - DEBUG - [server.py:491] - Received message: <mcp.shared.session.RequestResponder object at 0x00000178D3C4C8C0>
2026-04-16 13:53:16,278 - mcp.server.lowlevel.server - INFO - [server.py:534] - Processing request of type CallToolRequest
2026-04-16 13:53:16,278 - mcp.server.lowlevel.server - DEBUG - [server.py:537] - Dispatching request of type CallToolRequest
2026-04-16 13:53:16,278 - UnrealMCP_Advanced - INFO - [unreal_mcp_server_advanced.py:169] - Connecting to Unreal at 127.0.0.1:55557 (attempt 1/4)...
2026-04-16 13:53:16,279 - UnrealMCP_Advanced - INFO - [unreal_mcp_server_advanced.py:176] - Successfully connected to Unreal Engine
2026-04-16 13:53:16,279 - UnrealMCP_Advanced - INFO - [unreal_mcp_server_advanced.py:384] - Sending command (attempt 1): get_live_coding_log
2026-04-16 13:53:16,279 - UnrealMCP_Advanced - DEBUG - [unreal_mcp_server_advanced.py:385] - Command payload: {"type": "get_live_coding_log", "params": {"max_lines": 120}}...
2026-04-16 13:53:16,415 - UnrealMCP_Advanced - INFO - [unreal_mcp_server_advanced.py:286] - Received complete response (19957 bytes) for get_live_coding_log
2026-04-16 13:53:16,415 - UnrealMCP_Advanced - INFO - [unreal_mcp_server_advanced.py:402] - Command get_live_coding_log completed successfully
2026-04-16 13:53:16,431 - mcp.server.lowlevel.server - DEBUG - [server.py:572] - Response sent
2026-04-16 13:55:57,221 - mcp.server.lowlevel.server - DEBUG - [server.py:491] - Received message: <mcp.shared.session.RequestResponder object at 0x00000178D3C4C170>
2026-04-16 13:55:57,221 - mcp.server.lowlevel.server - INFO - [server.py:534] - Processing request of type CallToolRequest
2026-04-16 13:55:57,221 - mcp.server.lowlevel.server - DEBUG - [server.py:537] - Dispatching request of type CallToolRequest
2026-04-16 13:55:57,221 - UnrealMCP_Advanced - INFO - [unreal_mcp_server_advanced.py:169] - Connecting to Unreal at 127.0.0.1:55557 (attempt 1/4)...
2026-04-16 13:55:57,242 - UnrealMCP_Advanced - INFO - [unreal_mcp_server_advanced.py:176] - Successfully connected to Unreal Engine
2026-04-16 13:55:57,242 - UnrealMCP_Advanced - INFO - [unreal_mcp_server_advanced.py:384] - Sending command (attempt 1): get_unreal_context
2026-04-16 13:55:57,242 - UnrealMCP_Advanced - DEBUG - [unreal_mcp_server_advanced.py:385] - Command payload: {"type": "get_unreal_context", "params": {}}...
2026-04-16 13:55:57,329 - UnrealMCP_Advanced - INFO - [unreal_mcp_server_advanced.py:286] - Received complete response (242 bytes) for get_unreal_context
2026-04-16 13:55:57,329 - UnrealMCP_Advanced - INFO - [unreal_mcp_server_advanced.py:402] - Command get_unreal_context completed successfully
2026-04-16 13:55:57,330 - mcp.server.lowlevel.server - DEBUG - [server.py:572] - Response sent
2026-04-16 13:56:05,677 - mcp.server.lowlevel.server - DEBUG - [server.py:491] - Received message: <mcp.shared.session.RequestResponder object at 0x00000178D3C4C830>
2026-04-16 13:56:05,677 - mcp.server.lowlevel.server - INFO - [server.py:534] - Processing request of type CallToolRequest
2026-04-16 13:56:05,677 - mcp.server.lowlevel.server - DEBUG - [server.py:537] - Dispatching request of type CallToolRequest
2026-04-16 13:56:05,677 - UnrealMCP_Advanced - INFO - [unreal_mcp_server_advanced.py:169] - Connecting to Unreal at 127.0.0.1:55557 (attempt 1/4)...
2026-04-16 13:56:05,698 - UnrealMCP_Advanced - INFO - [unreal_mcp_server_advanced.py:176] - Successfully connected to Unreal Engine
2026-04-16 13:56:05,698 - UnrealMCP_Advanced - INFO - [unreal_mcp_server_advanced.py:384] - Sending command (attempt 1): import_blueprint_from_bpy
2026-04-16 13:56:05,698 - UnrealMCP_Advanced - DEBUG - [unreal_mcp_server_advanced.py:385] - Command payload: {"type": "import_blueprint_from_bpy", "params": {"input_path": "F:/project/GameAnimation57/GameAnimationSample/ExportedBlueprints/bpy/AC_TraversalLogic", "target": "/Game/Blueprints/AC_TraversalLogic_probe_cppfix2", "overwrite": true, "compile_blueprint": false}}...
2026-04-16 13:56:35,704 - UnrealMCP_Advanced - WARNING - [unreal_mcp_server_advanced.py:336] - Command failed (attempt 1/4): Timeout after 30.0s waiting for response to import_blueprint_from_bpy (received 0 bytes)
2026-04-16 13:56:35,705 - UnrealMCP_Advanced - DEBUG - [unreal_mcp_server_advanced.py:222] - Disconnected from Unreal Engine
2026-04-16 13:56:35,705 - UnrealMCP_Advanced - INFO - [unreal_mcp_server_advanced.py:343] - Retrying command in 0.5s...
2026-04-16 13:56:36,205 - UnrealMCP_Advanced - INFO - [unreal_mcp_server_advanced.py:169] - Connecting to Unreal at 127.0.0.1:55557 (attempt 1/4)...
2026-04-16 13:56:36,206 - UnrealMCP_Advanced - INFO - [unreal_mcp_server_advanced.py:176] - Successfully connected to Unreal Engine
2026-04-16 13:56:36,207 - UnrealMCP_Advanced - INFO - [unreal_mcp_server_advanced.py:384] - Sending command (attempt 2): import_blueprint_from_bpy
2026-04-16 13:56:36,207 - UnrealMCP_Advanced - DEBUG - [unreal_mcp_server_advanced.py:385] - Command payload: {"type": "import_blueprint_from_bpy", "params": {"input_path": "F:/project/GameAnimation57/GameAnimationSample/ExportedBlueprints/bpy/AC_TraversalLogic", "target": "/Game/Blueprints/AC_TraversalLogic_probe_cppfix2", "overwrite": true, "compile_blueprint": false}}...
2026-04-16 13:56:42,621 - UnrealMCP_Advanced - INFO - [unreal_mcp_server_advanced.py:286] - Received complete response (1151 bytes) for import_blueprint_from_bpy
2026-04-16 13:56:42,621 - UnrealMCP_Advanced - INFO - [unreal_mcp_server_advanced.py:402] - Command import_blueprint_from_bpy completed successfully
2026-04-16 13:56:42,623 - UnrealMCP_Advanced - INFO - [unreal_mcp_server_advanced.py:169] - Connecting to Unreal at 127.0.0.1:55557 (attempt 1/4)...
2026-04-16 13:56:42,623 - UnrealMCP_Advanced - INFO - [unreal_mcp_server_advanced.py:176] - Successfully connected to Unreal Engine
2026-04-16 13:56:42,624 - UnrealMCP_Advanced - INFO - [unreal_mcp_server_advanced.py:384] - Sending command (attempt 1): get_asset_meta
2026-04-16 13:56:42,624 - UnrealMCP_Advanced - DEBUG - [unreal_mcp_server_advanced.py:385] - Command payload: {"type": "get_asset_meta", "params": {"asset_path": "/Game/Blueprints/AC_TraversalLogic_probe_cppfix2", "parts": ["PropertyDeclarations", "Components", "Events", "Functions"]}}...
2026-04-16 13:56:42,731 - UnrealMCP_Advanced - INFO - [unreal_mcp_server_advanced.py:286] - Received complete response (18767 bytes) for get_asset_meta
2026-04-16 13:56:42,732 - UnrealMCP_Advanced - INFO - [unreal_mcp_server_advanced.py:402] - Command get_asset_meta completed successfully
2026-04-16 13:56:42,734 - mcp.server.lowlevel.server - DEBUG - [server.py:572] - Response sent
2026-04-16 13:56:58,440 - mcp.server.lowlevel.server - DEBUG - [server.py:491] - Received message: <mcp.shared.session.RequestResponder object at 0x00000178D3C4C7A0>
2026-04-16 13:56:58,440 - mcp.server.lowlevel.server - INFO - [server.py:534] - Processing request of type CallToolRequest
2026-04-16 13:56:58,440 - mcp.server.lowlevel.server - DEBUG - [server.py:537] - Dispatching request of type CallToolRequest
2026-04-16 13:56:58,453 - UnrealMCP_Advanced - INFO - [unreal_mcp_server_advanced.py:169] - Connecting to Unreal at 127.0.0.1:55557 (attempt 1/4)...
2026-04-16 13:56:58,454 - UnrealMCP_Advanced - INFO - [unreal_mcp_server_advanced.py:176] - Successfully connected to Unreal Engine
2026-04-16 13:56:58,454 - UnrealMCP_Advanced - INFO - [unreal_mcp_server_advanced.py:384] - Sending command (attempt 1): compile_blueprint
2026-04-16 13:56:58,454 - UnrealMCP_Advanced - DEBUG - [unreal_mcp_server_advanced.py:385] - Command payload: {"type": "compile_blueprint", "params": {"blueprint_name": "AC_TraversalLogic_probe_cppfix2"}}...
2026-04-16 13:56:58,592 - UnrealMCP_Advanced - INFO - [unreal_mcp_server_advanced.py:286] - Received complete response (2046 bytes) for compile_blueprint
2026-04-16 13:56:58,592 - UnrealMCP_Advanced - INFO - [unreal_mcp_server_advanced.py:402] - Command compile_blueprint completed successfully
2026-04-16 13:56:58,592 - UnrealMCP_Advanced - WARNING - [unreal_mcp_server_advanced.py:407] - Unreal returned error: Unknown error
2026-04-16 13:56:58,595 - mcp.server.lowlevel.server - DEBUG - [server.py:572] - Response sent
2026-04-16 13:59:36,385 - mcp.server.lowlevel.server - DEBUG - [server.py:491] - Received message: <mcp.shared.session.RequestResponder object at 0x00000178D3C4C8C0>
2026-04-16 13:59:36,385 - mcp.server.lowlevel.server - INFO - [server.py:534] - Processing request of type CallToolRequest
2026-04-16 13:59:36,386 - mcp.server.lowlevel.server - DEBUG - [server.py:537] - Dispatching request of type CallToolRequest
2026-04-16 13:59:36,391 - UnrealMCP_Advanced - INFO - [unreal_mcp_server_advanced.py:169] - Connecting to Unreal at 127.0.0.1:55557 (attempt 1/4)...
2026-04-16 13:59:36,392 - UnrealMCP_Advanced - INFO - [unreal_mcp_server_advanced.py:176] - Successfully connected to Unreal Engine
2026-04-16 13:59:36,392 - UnrealMCP_Advanced - INFO - [unreal_mcp_server_advanced.py:384] - Sending command (attempt 1): get_unreal_context
2026-04-16 13:59:36,392 - UnrealMCP_Advanced - DEBUG - [unreal_mcp_server_advanced.py:385] - Command payload: {"type": "get_unreal_context", "params": {}}...
2026-04-16 13:59:36,437 - UnrealMCP_Advanced - INFO - [unreal_mcp_server_advanced.py:286] - Received complete response (242 bytes) for get_unreal_context
2026-04-16 13:59:36,437 - UnrealMCP_Advanced - INFO - [unreal_mcp_server_advanced.py:402] - Command get_unreal_context completed successfully
2026-04-16 13:59:36,437 - mcp.server.lowlevel.server - DEBUG - [server.py:572] - Response sent
2026-04-16 13:59:46,191 - mcp.server.lowlevel.server - DEBUG - [server.py:491] - Received message: <mcp.shared.session.RequestResponder object at 0x00000178D3C4C4D0>
2026-04-16 13:59:46,191 - mcp.server.lowlevel.server - INFO - [server.py:534] - Processing request of type CallToolRequest
2026-04-16 13:59:46,191 - mcp.server.lowlevel.server - DEBUG - [server.py:537] - Dispatching request of type CallToolRequest
2026-04-16 13:59:46,191 - UnrealMCP_Advanced - INFO - [unreal_mcp_server_advanced.py:169] - Connecting to Unreal at 127.0.0.1:55557 (attempt 1/4)...
2026-04-16 13:59:46,191 - UnrealMCP_Advanced - INFO - [unreal_mcp_server_advanced.py:176] - Successfully connected to Unreal Engine
2026-04-16 13:59:46,192 - UnrealMCP_Advanced - INFO - [unreal_mcp_server_advanced.py:384] - Sending command (attempt 1): import_blueprint_from_bpy
2026-04-16 13:59:46,192 - UnrealMCP_Advanced - DEBUG - [unreal_mcp_server_advanced.py:385] - Command payload: {"type": "import_blueprint_from_bpy", "params": {"input_path": "F:/project/GameAnimation57/GameAnimationSample/ExportedBlueprints/bpy/AC_TraversalLogic", "target": "/Game/Blueprints/AC_TraversalLogic_probe_cppfix3", "overwrite": true, "compile_blueprint": false}}...
2026-04-16 13:59:52,553 - UnrealMCP_Advanced - INFO - [unreal_mcp_server_advanced.py:286] - Received complete response (1151 bytes) for import_blueprint_from_bpy
2026-04-16 13:59:52,553 - UnrealMCP_Advanced - INFO - [unreal_mcp_server_advanced.py:402] - Command import_blueprint_from_bpy completed successfully
2026-04-16 13:59:52,553 - UnrealMCP_Advanced - INFO - [unreal_mcp_server_advanced.py:169] - Connecting to Unreal at 127.0.0.1:55557 (attempt 1/4)...
2026-04-16 13:59:52,554 - UnrealMCP_Advanced - INFO - [unreal_mcp_server_advanced.py:176] - Successfully connected to Unreal Engine
2026-04-16 13:59:52,554 - UnrealMCP_Advanced - INFO - [unreal_mcp_server_advanced.py:384] - Sending command (attempt 1): get_asset_meta
2026-04-16 13:59:52,554 - UnrealMCP_Advanced - DEBUG - [unreal_mcp_server_advanced.py:385] - Command payload: {"type": "get_asset_meta", "params": {"asset_path": "/Game/Blueprints/AC_TraversalLogic_probe_cppfix3", "parts": ["PropertyDeclarations", "Components", "Events", "Functions"]}}...
2026-04-16 13:59:52,659 - UnrealMCP_Advanced - INFO - [unreal_mcp_server_advanced.py:286] - Received complete response (18767 bytes) for get_asset_meta
2026-04-16 13:59:52,660 - UnrealMCP_Advanced - INFO - [unreal_mcp_server_advanced.py:402] - Command get_asset_meta completed successfully
2026-04-16 13:59:52,661 - mcp.server.lowlevel.server - DEBUG - [server.py:572] - Response sent
2026-04-16 14:00:02,413 - mcp.server.lowlevel.server - DEBUG - [server.py:491] - Received message: <mcp.shared.session.RequestResponder object at 0x00000178D3C4C560>
2026-04-16 14:00:02,413 - mcp.server.lowlevel.server - INFO - [server.py:534] - Processing request of type CallToolRequest
2026-04-16 14:00:02,413 - mcp.server.lowlevel.server - DEBUG - [server.py:537] - Dispatching request of type CallToolRequest
2026-04-16 14:00:02,413 - UnrealMCP_Advanced - INFO - [unreal_mcp_server_advanced.py:169] - Connecting to Unreal at 127.0.0.1:55557 (attempt 1/4)...
2026-04-16 14:00:02,433 - UnrealMCP_Advanced - INFO - [unreal_mcp_server_advanced.py:176] - Successfully connected to Unreal Engine
2026-04-16 14:00:02,434 - UnrealMCP_Advanced - INFO - [unreal_mcp_server_advanced.py:384] - Sending command (attempt 1): compile_blueprint
2026-04-16 14:00:02,434 - UnrealMCP_Advanced - DEBUG - [unreal_mcp_server_advanced.py:385] - Command payload: {"type": "compile_blueprint", "params": {"blueprint_name": "AC_TraversalLogic_probe_cppfix3"}}...
2026-04-16 14:00:32,439 - UnrealMCP_Advanced - WARNING - [unreal_mcp_server_advanced.py:336] - Command failed (attempt 1/4): Timeout after 30.0s waiting for response to compile_blueprint (received 0 bytes)
2026-04-16 14:00:32,439 - UnrealMCP_Advanced - DEBUG - [unreal_mcp_server_advanced.py:222] - Disconnected from Unreal Engine
2026-04-16 14:00:32,439 - UnrealMCP_Advanced - INFO - [unreal_mcp_server_advanced.py:343] - Retrying command in 0.5s...
2026-04-16 14:00:32,940 - UnrealMCP_Advanced - INFO - [unreal_mcp_server_advanced.py:169] - Connecting to Unreal at 127.0.0.1:55557 (attempt 1/4)...
2026-04-16 14:00:32,941 - UnrealMCP_Advanced - INFO - [unreal_mcp_server_advanced.py:176] - Successfully connected to Unreal Engine
2026-04-16 14:00:32,941 - UnrealMCP_Advanced - INFO - [unreal_mcp_server_advanced.py:384] - Sending command (attempt 2): compile_blueprint
2026-04-16 14:00:32,941 - UnrealMCP_Advanced - DEBUG - [unreal_mcp_server_advanced.py:385] - Command payload: {"type": "compile_blueprint", "params": {"blueprint_name": "AC_TraversalLogic_probe_cppfix3"}}...
2026-04-16 14:00:33,088 - UnrealMCP_Advanced - INFO - [unreal_mcp_server_advanced.py:286] - Received complete response (2046 bytes) for compile_blueprint
2026-04-16 14:00:33,088 - UnrealMCP_Advanced - INFO - [unreal_mcp_server_advanced.py:402] - Command compile_blueprint completed successfully
2026-04-16 14:00:33,088 - UnrealMCP_Advanced - WARNING - [unreal_mcp_server_advanced.py:407] - Unreal returned error: Unknown error
2026-04-16 14:00:33,089 - mcp.server.lowlevel.server - DEBUG - [server.py:572] - Response sent
2026-04-16 14:02:31,561 - mcp.server.lowlevel.server - DEBUG - [server.py:491] - Received message: <mcp.shared.session.RequestResponder object at 0x00000178D3C4C710>
2026-04-16 14:02:31,561 - mcp.server.lowlevel.server - INFO - [server.py:534] - Processing request of type CallToolRequest
2026-04-16 14:02:31,561 - mcp.server.lowlevel.server - DEBUG - [server.py:537] - Dispatching request of type CallToolRequest
2026-04-16 14:02:31,561 - UnrealMCP_Advanced - INFO - [unreal_mcp_server_advanced.py:169] - Connecting to Unreal at 127.0.0.1:55557 (attempt 1/4)...
2026-04-16 14:02:31,583 - UnrealMCP_Advanced - INFO - [unreal_mcp_server_advanced.py:176] - Successfully connected to Unreal Engine
2026-04-16 14:02:31,583 - UnrealMCP_Advanced - INFO - [unreal_mcp_server_advanced.py:384] - Sending command (attempt 1): get_unreal_context
2026-04-16 14:02:31,583 - UnrealMCP_Advanced - DEBUG - [unreal_mcp_server_advanced.py:385] - Command payload: {"type": "get_unreal_context", "params": {}}...
2026-04-16 14:03:01,594 - UnrealMCP_Advanced - WARNING - [unreal_mcp_server_advanced.py:336] - Command failed (attempt 1/4): Timeout after 30.0s waiting for response to get_unreal_context (received 0 bytes)
2026-04-16 14:03:01,594 - UnrealMCP_Advanced - DEBUG - [unreal_mcp_server_advanced.py:222] - Disconnected from Unreal Engine
2026-04-16 14:03:01,594 - UnrealMCP_Advanced - INFO - [unreal_mcp_server_advanced.py:343] - Retrying command in 0.5s...
2026-04-16 14:03:02,094 - UnrealMCP_Advanced - INFO - [unreal_mcp_server_advanced.py:169] - Connecting to Unreal at 127.0.0.1:55557 (attempt 1/4)...
2026-04-16 14:03:02,109 - UnrealMCP_Advanced - INFO - [unreal_mcp_server_advanced.py:176] - Successfully connected to Unreal Engine
2026-04-16 14:03:02,110 - UnrealMCP_Advanced - INFO - [unreal_mcp_server_advanced.py:384] - Sending command (attempt 2): get_unreal_context
2026-04-16 14:03:02,110 - UnrealMCP_Advanced - DEBUG - [unreal_mcp_server_advanced.py:385] - Command payload: {"type": "get_unreal_context", "params": {}}...
2026-04-16 14:03:02,155 - UnrealMCP_Advanced - INFO - [unreal_mcp_server_advanced.py:286] - Received complete response (242 bytes) for get_unreal_context
2026-04-16 14:03:02,155 - UnrealMCP_Advanced - INFO - [unreal_mcp_server_advanced.py:402] - Command get_unreal_context completed successfully
2026-04-16 14:03:02,155 - mcp.server.lowlevel.server - DEBUG - [server.py:572] - Response sent
2026-04-16 14:03:16,902 - mcp.server.lowlevel.server - DEBUG - [server.py:491] - Received message: <mcp.shared.session.RequestResponder object at 0x00000178D3C4C440>
2026-04-16 14:03:16,902 - mcp.server.lowlevel.server - INFO - [server.py:534] - Processing request of type CallToolRequest
2026-04-16 14:03:16,902 - mcp.server.lowlevel.server - DEBUG - [server.py:537] - Dispatching request of type CallToolRequest
2026-04-16 14:03:16,902 - UnrealMCP_Advanced - INFO - [unreal_mcp_server_advanced.py:169] - Connecting to Unreal at 127.0.0.1:55557 (attempt 1/4)...
2026-04-16 14:03:16,912 - UnrealMCP_Advanced - INFO - [unreal_mcp_server_advanced.py:176] - Successfully connected to Unreal Engine
2026-04-16 14:03:16,912 - UnrealMCP_Advanced - INFO - [unreal_mcp_server_advanced.py:384] - Sending command (attempt 1): import_blueprint_from_bpy
2026-04-16 14:03:16,912 - UnrealMCP_Advanced - DEBUG - [unreal_mcp_server_advanced.py:385] - Command payload: {"type": "import_blueprint_from_bpy", "params": {"input_path": "F:/project/GameAnimation57/GameAnimationSample/ExportedBlueprints/bpy/AC_TraversalLogic", "target": "/Game/Blueprints/AC_TraversalLogic_probe_cppfix4", "overwrite": true, "compile_blueprint": false}}...
2026-04-16 14:03:23,237 - UnrealMCP_Advanced - INFO - [unreal_mcp_server_advanced.py:286] - Received complete response (1151 bytes) for import_blueprint_from_bpy
2026-04-16 14:03:23,238 - UnrealMCP_Advanced - INFO - [unreal_mcp_server_advanced.py:402] - Command import_blueprint_from_bpy completed successfully
2026-04-16 14:03:23,238 - UnrealMCP_Advanced - INFO - [unreal_mcp_server_advanced.py:169] - Connecting to Unreal at 127.0.0.1:55557 (attempt 1/4)...
2026-04-16 14:03:23,238 - UnrealMCP_Advanced - INFO - [unreal_mcp_server_advanced.py:176] - Successfully connected to Unreal Engine
2026-04-16 14:03:23,238 - UnrealMCP_Advanced - INFO - [unreal_mcp_server_advanced.py:384] - Sending command (attempt 1): get_asset_meta
2026-04-16 14:03:23,238 - UnrealMCP_Advanced - DEBUG - [unreal_mcp_server_advanced.py:385] - Command payload: {"type": "get_asset_meta", "params": {"asset_path": "/Game/Blueprints/AC_TraversalLogic_probe_cppfix4", "parts": ["PropertyDeclarations", "Components", "Events", "Functions"]}}...
2026-04-16 14:03:23,345 - UnrealMCP_Advanced - INFO - [unreal_mcp_server_advanced.py:286] - Received complete response (18767 bytes) for get_asset_meta
2026-04-16 14:03:23,345 - UnrealMCP_Advanced - INFO - [unreal_mcp_server_advanced.py:402] - Command get_asset_meta completed successfully
2026-04-16 14:03:23,346 - mcp.server.lowlevel.server - DEBUG - [server.py:572] - Response sent
2026-04-16 14:03:30,877 - mcp.server.lowlevel.server - DEBUG - [server.py:491] - Received message: <mcp.shared.session.RequestResponder object at 0x00000178D3C4C0E0>
2026-04-16 14:03:30,888 - mcp.server.lowlevel.server - INFO - [server.py:534] - Processing request of type CallToolRequest
2026-04-16 14:03:30,888 - mcp.server.lowlevel.server - DEBUG - [server.py:537] - Dispatching request of type CallToolRequest
2026-04-16 14:03:30,888 - UnrealMCP_Advanced - INFO - [unreal_mcp_server_advanced.py:169] - Connecting to Unreal at 127.0.0.1:55557 (attempt 1/4)...
2026-04-16 14:03:30,901 - UnrealMCP_Advanced - INFO - [unreal_mcp_server_advanced.py:176] - Successfully connected to Unreal Engine
2026-04-16 14:03:30,901 - UnrealMCP_Advanced - INFO - [unreal_mcp_server_advanced.py:384] - Sending command (attempt 1): compile_blueprint
2026-04-16 14:03:30,901 - UnrealMCP_Advanced - DEBUG - [unreal_mcp_server_advanced.py:385] - Command payload: {"type": "compile_blueprint", "params": {"blueprint_name": "AC_TraversalLogic_probe_cppfix4"}}...
2026-04-16 14:03:31,063 - UnrealMCP_Advanced - INFO - [unreal_mcp_server_advanced.py:286] - Received complete response (2046 bytes) for compile_blueprint
2026-04-16 14:03:31,063 - UnrealMCP_Advanced - INFO - [unreal_mcp_server_advanced.py:402] - Command compile_blueprint completed successfully
2026-04-16 14:03:31,063 - UnrealMCP_Advanced - WARNING - [unreal_mcp_server_advanced.py:407] - Unreal returned error: Unknown error
2026-04-16 14:03:31,064 - mcp.server.lowlevel.server - DEBUG - [server.py:572] - Response sent
2026-04-16 14:04:54,092 - mcp.server.lowlevel.server - DEBUG - [server.py:491] - Received message: <mcp.shared.session.RequestResponder object at 0x00000178D3C4C7A0>
2026-04-16 14:04:54,092 - mcp.server.lowlevel.server - INFO - [server.py:534] - Processing request of type CallToolRequest
2026-04-16 14:04:54,092 - mcp.server.lowlevel.server - DEBUG - [server.py:537] - Dispatching request of type CallToolRequest
2026-04-16 14:04:54,092 - UnrealMCP_Advanced - INFO - [unreal_mcp_server_advanced.py:169] - Connecting to Unreal at 127.0.0.1:55557 (attempt 1/4)...
2026-04-16 14:04:54,107 - UnrealMCP_Advanced - INFO - [unreal_mcp_server_advanced.py:176] - Successfully connected to Unreal Engine
2026-04-16 14:04:54,107 - UnrealMCP_Advanced - INFO - [unreal_mcp_server_advanced.py:384] - Sending command (attempt 1): get_unreal_context
2026-04-16 14:04:54,107 - UnrealMCP_Advanced - DEBUG - [unreal_mcp_server_advanced.py:385] - Command payload: {"type": "get_unreal_context", "params": {}}...
2026-04-16 14:04:54,147 - UnrealMCP_Advanced - INFO - [unreal_mcp_server_advanced.py:286] - Received complete response (242 bytes) for get_unreal_context
2026-04-16 14:04:54,147 - UnrealMCP_Advanced - INFO - [unreal_mcp_server_advanced.py:402] - Command get_unreal_context completed successfully
2026-04-16 14:04:54,148 - mcp.server.lowlevel.server - DEBUG - [server.py:572] - Response sent
2026-04-16 14:05:10,293 - mcp.server.lowlevel.server - DEBUG - [server.py:491] - Received message: <mcp.shared.session.RequestResponder object at 0x00000178D3C4C710>
2026-04-16 14:05:10,293 - mcp.server.lowlevel.server - INFO - [server.py:534] - Processing request of type CallToolRequest
2026-04-16 14:05:10,293 - mcp.server.lowlevel.server - DEBUG - [server.py:537] - Dispatching request of type CallToolRequest
2026-04-16 14:05:10,294 - UnrealMCP_Advanced - INFO - [unreal_mcp_server_advanced.py:169] - Connecting to Unreal at 127.0.0.1:55557 (attempt 1/4)...
2026-04-16 14:05:10,294 - UnrealMCP_Advanced - INFO - [unreal_mcp_server_advanced.py:176] - Successfully connected to Unreal Engine
2026-04-16 14:05:10,295 - UnrealMCP_Advanced - INFO - [unreal_mcp_server_advanced.py:384] - Sending command (attempt 1): import_blueprint_from_bpy
2026-04-16 14:05:10,295 - UnrealMCP_Advanced - DEBUG - [unreal_mcp_server_advanced.py:385] - Command payload: {"type": "import_blueprint_from_bpy", "params": {"input_path": "F:/project/GameAnimation57/GameAnimationSample/ExportedBlueprints/bpy/AC_TraversalLogic", "target": "/Game/Blueprints/AC_TraversalLogic_probe_cppfix5", "overwrite": true, "compile_blueprint": false}}...
2026-04-16 14:05:16,363 - UnrealMCP_Advanced - INFO - [unreal_mcp_server_advanced.py:286] - Received complete response (746 bytes) for import_blueprint_from_bpy
2026-04-16 14:05:16,363 - UnrealMCP_Advanced - INFO - [unreal_mcp_server_advanced.py:402] - Command import_blueprint_from_bpy completed successfully
2026-04-16 14:05:16,363 - UnrealMCP_Advanced - WARNING - [unreal_mcp_server_advanced.py:407] - Unreal returned error: bpy import failed (F:/project/GameAnimation57/GameAnimationSample/ExportedBlueprints/bpy/AC_TraversalLogic -> /Game/Blueprints/AC_TraversalLogic_probe_cppfix5): [TryTraversalAction] Default mismatch on node float + float [K2Node_PromotableOperator] (guid=21A313E7-4ECF-3458-81D6-95A0E01EF5C1), pin 'B': expected='2' actual=''
2026-04-16 14:05:16,369 - mcp.server.lowlevel.server - DEBUG - [server.py:572] - Response sent
2026-04-16 14:05:30,749 - mcp.server.lowlevel.server - DEBUG - [server.py:491] - Received message: <mcp.shared.session.RequestResponder object at 0x00000178D3C4C5F0>
2026-04-16 14:05:30,749 - mcp.server.lowlevel.server - INFO - [server.py:534] - Processing request of type CallToolRequest
2026-04-16 14:05:30,749 - mcp.server.lowlevel.server - DEBUG - [server.py:537] - Dispatching request of type CallToolRequest
2026-04-16 14:05:30,749 - UnrealMCP_Advanced - INFO - [unreal_mcp_server_advanced.py:169] - Connecting to Unreal at 127.0.0.1:55557 (attempt 1/4)...
2026-04-16 14:05:30,764 - UnrealMCP_Advanced - INFO - [unreal_mcp_server_advanced.py:176] - Successfully connected to Unreal Engine
2026-04-16 14:05:30,764 - UnrealMCP_Advanced - INFO - [unreal_mcp_server_advanced.py:384] - Sending command (attempt 1): compile_blueprint
2026-04-16 14:05:30,764 - UnrealMCP_Advanced - DEBUG - [unreal_mcp_server_advanced.py:385] - Command payload: {"type": "compile_blueprint", "params": {"blueprint_name": "AC_TraversalLogic_probe_cppfix5"}}...
2026-04-16 14:06:00,776 - UnrealMCP_Advanced - WARNING - [unreal_mcp_server_advanced.py:336] - Command failed (attempt 1/4): Timeout after 30.0s waiting for response to compile_blueprint (received 0 bytes)
2026-04-16 14:06:00,776 - UnrealMCP_Advanced - DEBUG - [unreal_mcp_server_advanced.py:222] - Disconnected from Unreal Engine
2026-04-16 14:06:00,776 - UnrealMCP_Advanced - INFO - [unreal_mcp_server_advanced.py:343] - Retrying command in 0.5s...
2026-04-16 14:06:01,277 - UnrealMCP_Advanced - INFO - [unreal_mcp_server_advanced.py:169] - Connecting to Unreal at 127.0.0.1:55557 (attempt 1/4)...
2026-04-16 14:06:01,301 - UnrealMCP_Advanced - INFO - [unreal_mcp_server_advanced.py:176] - Successfully connected to Unreal Engine
2026-04-16 14:06:01,302 - UnrealMCP_Advanced - INFO - [unreal_mcp_server_advanced.py:384] - Sending command (attempt 2): compile_blueprint
2026-04-16 14:06:01,302 - UnrealMCP_Advanced - DEBUG - [unreal_mcp_server_advanced.py:385] - Command payload: {"type": "compile_blueprint", "params": {"blueprint_name": "AC_TraversalLogic_probe_cppfix5"}}...
2026-04-16 14:06:01,416 - UnrealMCP_Advanced - INFO - [unreal_mcp_server_advanced.py:286] - Received complete response (1159 bytes) for compile_blueprint
2026-04-16 14:06:01,416 - UnrealMCP_Advanced - INFO - [unreal_mcp_server_advanced.py:402] - Command compile_blueprint completed successfully
2026-04-16 14:06:01,416 - UnrealMCP_Advanced - WARNING - [unreal_mcp_server_advanced.py:407] - Unreal returned error: Unknown error
2026-04-16 14:06:01,423 - mcp.server.lowlevel.server - DEBUG - [server.py:572] - Response sent
2026-04-16 14:06:15,729 - mcp.server.lowlevel.server - DEBUG - [server.py:491] - Received message: <mcp.shared.session.RequestResponder object at 0x00000178D3C4C7A0>
2026-04-16 14:06:15,729 - mcp.server.lowlevel.server - INFO - [server.py:534] - Processing request of type CallToolRequest
2026-04-16 14:06:15,730 - mcp.server.lowlevel.server - DEBUG - [server.py:537] - Dispatching request of type CallToolRequest
2026-04-16 14:06:15,736 - UnrealMCP_Advanced - INFO - [unreal_mcp_server_advanced.py:169] - Connecting to Unreal at 127.0.0.1:55557 (attempt 1/4)...
2026-04-16 14:06:15,756 - UnrealMCP_Advanced - INFO - [unreal_mcp_server_advanced.py:176] - Successfully connected to Unreal Engine
2026-04-16 14:06:15,756 - UnrealMCP_Advanced - INFO - [unreal_mcp_server_advanced.py:384] - Sending command (attempt 1): get_asset_graph
2026-04-16 14:06:15,757 - UnrealMCP_Advanced - DEBUG - [unreal_mcp_server_advanced.py:385] - Command payload: {"type": "get_asset_graph", "params": {"asset_path": "/Game/Blueprints/AC_TraversalLogic_probe_cppfix5", "strand_names": ["TryTraversalAction"]}}...
2026-04-16 14:06:15,813 - UnrealMCP_Advanced - INFO - [unreal_mcp_server_advanced.py:286] - Received complete response (94431 bytes) for get_asset_graph
2026-04-16 14:06:15,814 - UnrealMCP_Advanced - INFO - [unreal_mcp_server_advanced.py:402] - Command get_asset_graph completed successfully
2026-04-16 14:06:15,817 - mcp.server.lowlevel.server - DEBUG - [server.py:572] - Response sent
2026-04-16 14:07:18,258 - mcp.server.lowlevel.server - DEBUG - [server.py:491] - Received message: <mcp.shared.session.RequestResponder object at 0x00000178D3C4C560>
2026-04-16 14:07:18,258 - mcp.server.lowlevel.server - INFO - [server.py:534] - Processing request of type CallToolRequest
2026-04-16 14:07:18,258 - mcp.server.lowlevel.server - DEBUG - [server.py:537] - Dispatching request of type CallToolRequest
2026-04-16 14:07:18,259 - UnrealMCP_Advanced - INFO - [unreal_mcp_server_advanced.py:169] - Connecting to Unreal at 127.0.0.1:55557 (attempt 1/4)...
2026-04-16 14:07:18,270 - UnrealMCP_Advanced - INFO - [unreal_mcp_server_advanced.py:176] - Successfully connected to Unreal Engine
2026-04-16 14:07:18,270 - UnrealMCP_Advanced - INFO - [unreal_mcp_server_advanced.py:384] - Sending command (attempt 1): run_python
2026-04-16 14:07:18,270 - UnrealMCP_Advanced - DEBUG - [unreal_mcp_server_advanced.py:385] - Command payload: {"type": "run_python", "params": {"code": "import unreal\nbp = unreal.EditorAssetLibrary.load_asset('/Game/Blueprints/AC_TraversalLogic_probe_cppfix5')\nif not bp:\n    print('load_failed')\nelse:\n    graph = unreal.BlueprintEditorLibrary.find_graph(bp, 'TryTraversalAction')\n    if not graph:\n        print('graph_missing')\n    else:\n        nodes = graph.get_editor_property('nodes')\n        print('node_count', len(nodes))\n        for n in nodes:\n            try:\n                title = ...
2026-04-16 14:07:46,714 - UnrealMCP_Advanced - INFO - [unreal_mcp_server_advanced.py:286] - Received complete response (368416 bytes) for run_python
2026-04-16 14:07:46,716 - UnrealMCP_Advanced - INFO - [unreal_mcp_server_advanced.py:402] - Command run_python completed successfully
2026-04-16 14:07:46,728 - mcp.server.lowlevel.server - DEBUG - [server.py:572] - Response sent
2026-04-16 14:17:58,354 - mcp.server.lowlevel.server - DEBUG - [server.py:491] - Received message: <mcp.shared.session.RequestResponder object at 0x00000178D3C4C680>
2026-04-16 14:17:58,354 - mcp.server.lowlevel.server - INFO - [server.py:534] - Processing request of type CallToolRequest
2026-04-16 14:17:58,354 - mcp.server.lowlevel.server - DEBUG - [server.py:537] - Dispatching request of type CallToolRequest
2026-04-16 14:17:58,355 - UnrealMCP_Advanced - INFO - [unreal_mcp_server_advanced.py:169] - Connecting to Unreal at 127.0.0.1:55557 (attempt 1/4)...
2026-04-16 14:17:58,355 - UnrealMCP_Advanced - INFO - [unreal_mcp_server_advanced.py:176] - Successfully connected to Unreal Engine
2026-04-16 14:17:58,356 - UnrealMCP_Advanced - INFO - [unreal_mcp_server_advanced.py:384] - Sending command (attempt 1): get_unreal_context
2026-04-16 14:17:58,356 - UnrealMCP_Advanced - DEBUG - [unreal_mcp_server_advanced.py:385] - Command payload: {"type": "get_unreal_context", "params": {}}...
2026-04-16 14:17:58,739 - UnrealMCP_Advanced - INFO - [unreal_mcp_server_advanced.py:286] - Received complete response (242 bytes) for get_unreal_context
2026-04-16 14:17:58,739 - UnrealMCP_Advanced - INFO - [unreal_mcp_server_advanced.py:402] - Command get_unreal_context completed successfully
2026-04-16 14:17:58,740 - mcp.server.lowlevel.server - DEBUG - [server.py:572] - Response sent
2026-04-16 14:18:10,829 - mcp.server.lowlevel.server - DEBUG - [server.py:491] - Received message: <mcp.shared.session.RequestResponder object at 0x00000178D3C4C0E0>
2026-04-16 14:18:10,829 - mcp.server.lowlevel.server - INFO - [server.py:534] - Processing request of type CallToolRequest
2026-04-16 14:18:10,829 - mcp.server.lowlevel.server - DEBUG - [server.py:537] - Dispatching request of type CallToolRequest
2026-04-16 14:18:10,829 - UnrealMCP_Advanced - INFO - [unreal_mcp_server_advanced.py:169] - Connecting to Unreal at 127.0.0.1:55557 (attempt 1/4)...
2026-04-16 14:18:10,848 - UnrealMCP_Advanced - INFO - [unreal_mcp_server_advanced.py:176] - Successfully connected to Unreal Engine
2026-04-16 14:18:10,849 - UnrealMCP_Advanced - INFO - [unreal_mcp_server_advanced.py:384] - Sending command (attempt 1): import_blueprint_from_bpy
2026-04-16 14:18:10,849 - UnrealMCP_Advanced - DEBUG - [unreal_mcp_server_advanced.py:385] - Command payload: {"type": "import_blueprint_from_bpy", "params": {"input_path": "F:/project/GameAnimation57/GameAnimationSample/ExportedBlueprints/bpy/AC_TraversalLogic/__bp__.bp.py", "target": "/Game/Blueprints/AC_TraversalLogic_cppfixR46", "overwrite": true, "compile_blueprint": true}}...
2026-04-16 14:18:12,986 - UnrealMCP_Advanced - INFO - [unreal_mcp_server_advanced.py:286] - Received complete response (768 bytes) for import_blueprint_from_bpy
2026-04-16 14:18:12,987 - UnrealMCP_Advanced - INFO - [unreal_mcp_server_advanced.py:402] - Command import_blueprint_from_bpy completed successfully
2026-04-16 14:18:12,987 - UnrealMCP_Advanced - WARNING - [unreal_mcp_server_advanced.py:407] - Unreal returned error: bpy import failed (F:/project/GameAnimation57/GameAnimationSample/ExportedBlueprints/bpy/AC_TraversalLogic/__bp__.bp.py -> /Game/Blueprints/AC_TraversalLogic_cppfixR46): [TryTraversalAction] Default mismatch on node vector + vector [K2Node_PromotableOperator] (guid=21A313E7-4ECF-3458-81D6-95A0E01EF5C1), pin 'B': expected='2' actual=''
2026-04-16 14:18:12,988 - mcp.server.lowlevel.server - DEBUG - [server.py:572] - Response sent
2026-04-16 14:18:36,125 - mcp.server.lowlevel.server - DEBUG - [server.py:491] - Received message: <mcp.shared.session.RequestResponder object at 0x00000178D3C4C440>
2026-04-16 14:18:36,126 - mcp.server.lowlevel.server - INFO - [server.py:534] - Processing request of type CallToolRequest
2026-04-16 14:18:36,126 - mcp.server.lowlevel.server - DEBUG - [server.py:537] - Dispatching request of type CallToolRequest
2026-04-16 14:18:36,126 - UnrealMCP_Advanced - INFO - [unreal_mcp_server_advanced.py:169] - Connecting to Unreal at 127.0.0.1:55557 (attempt 1/4)...
2026-04-16 14:18:36,147 - UnrealMCP_Advanced - INFO - [unreal_mcp_server_advanced.py:176] - Successfully connected to Unreal Engine
2026-04-16 14:18:36,147 - UnrealMCP_Advanced - INFO - [unreal_mcp_server_advanced.py:384] - Sending command (attempt 1): get_asset_graph
2026-04-16 14:18:36,147 - UnrealMCP_Advanced - DEBUG - [unreal_mcp_server_advanced.py:385] - Command payload: {"type": "get_asset_graph", "params": {"asset_path": "/Game/Blueprints/AC_TraversalLogic", "strand_names": ["TryTraversalAction"]}}...
2026-04-16 14:23:36,153 - UnrealMCP_Advanced - WARNING - [unreal_mcp_server_advanced.py:336] - Command failed (attempt 1/4): Timeout after 300.0s waiting for response to get_asset_graph (received 0 bytes)
2026-04-16 14:23:36,153 - UnrealMCP_Advanced - DEBUG - [unreal_mcp_server_advanced.py:222] - Disconnected from Unreal Engine
2026-04-16 14:23:36,153 - UnrealMCP_Advanced - INFO - [unreal_mcp_server_advanced.py:343] - Retrying command in 0.5s...
2026-04-16 14:23:36,654 - UnrealMCP_Advanced - INFO - [unreal_mcp_server_advanced.py:169] - Connecting to Unreal at 127.0.0.1:55557 (attempt 1/4)...
2026-04-16 14:23:36,671 - UnrealMCP_Advanced - INFO - [unreal_mcp_server_advanced.py:176] - Successfully connected to Unreal Engine
2026-04-16 14:23:36,671 - UnrealMCP_Advanced - INFO - [unreal_mcp_server_advanced.py:384] - Sending command (attempt 2): get_asset_graph
2026-04-16 14:23:36,671 - UnrealMCP_Advanced - DEBUG - [unreal_mcp_server_advanced.py:385] - Command payload: {"type": "get_asset_graph", "params": {"asset_path": "/Game/Blueprints/AC_TraversalLogic", "strand_names": ["TryTraversalAction"]}}...
2026-04-16 14:25:21,774 - UnrealMCP_Advanced - WARNING - [unreal_mcp_server_advanced.py:336] - Command failed (attempt 2/4): [WinError 10054] An existing connection was forcibly closed by the remote host
2026-04-16 14:25:21,774 - UnrealMCP_Advanced - DEBUG - [unreal_mcp_server_advanced.py:222] - Disconnected from Unreal Engine
2026-04-16 14:25:21,774 - UnrealMCP_Advanced - INFO - [unreal_mcp_server_advanced.py:343] - Retrying command in 1.0s...
2026-04-16 14:25:22,775 - UnrealMCP_Advanced - INFO - [unreal_mcp_server_advanced.py:169] - Connecting to Unreal at 127.0.0.1:55557 (attempt 1/4)...
2026-04-16 14:25:24,814 - UnrealMCP_Advanced - WARNING - [unreal_mcp_server_advanced.py:184] - Connection refused - is Unreal Engine running? (attempt 1)
2026-04-16 14:25:24,815 - UnrealMCP_Advanced - INFO - [unreal_mcp_server_advanced.py:198] - Retrying connection in 0.5s...
2026-04-16 14:25:25,316 - UnrealMCP_Advanced - INFO - [unreal_mcp_server_advanced.py:169] - Connecting to Unreal at 127.0.0.1:55557 (attempt 2/4)...
2026-04-16 14:25:27,363 - UnrealMCP_Advanced - WARNING - [unreal_mcp_server_advanced.py:184] - Connection refused - is Unreal Engine running? (attempt 2)
2026-04-16 14:25:27,363 - UnrealMCP_Advanced - INFO - [unreal_mcp_server_advanced.py:198] - Retrying connection in 1.0s...
2026-04-16 14:25:28,364 - UnrealMCP_Advanced - INFO - [unreal_mcp_server_advanced.py:169] - Connecting to Unreal at 127.0.0.1:55557 (attempt 3/4)...
2026-04-16 14:25:30,385 - UnrealMCP_Advanced - WARNING - [unreal_mcp_server_advanced.py:184] - Connection refused - is Unreal Engine running? (attempt 3)
2026-04-16 14:25:30,385 - UnrealMCP_Advanced - INFO - [unreal_mcp_server_advanced.py:198] - Retrying connection in 2.0s...
2026-04-16 14:25:32,385 - UnrealMCP_Advanced - INFO - [unreal_mcp_server_advanced.py:169] - Connecting to Unreal at 127.0.0.1:55557 (attempt 4/4)...
2026-04-16 14:25:34,412 - UnrealMCP_Advanced - WARNING - [unreal_mcp_server_advanced.py:184] - Connection refused - is Unreal Engine running? (attempt 4)
2026-04-16 14:25:34,417 - UnrealMCP_Advanced - ERROR - [unreal_mcp_server_advanced.py:201] - Failed to connect after 4 attempts. Last error: Connection refused: [WinError 10061] No connection could be made because the target machine actively refused it
2026-04-16 14:25:34,418 - UnrealMCP_Advanced - WARNING - [unreal_mcp_server_advanced.py:336] - Command failed (attempt 3/4): Failed to connect to Unreal Engine: Connection refused: [WinError 10061] No connection could be made because the target machine actively refused it
2026-04-16 14:25:34,418 - UnrealMCP_Advanced - DEBUG - [unreal_mcp_server_advanced.py:222] - Disconnected from Unreal Engine
2026-04-16 14:25:34,418 - UnrealMCP_Advanced - INFO - [unreal_mcp_server_advanced.py:343] - Retrying command in 2.0s...
2026-04-16 14:25:36,418 - UnrealMCP_Advanced - INFO - [unreal_mcp_server_advanced.py:169] - Connecting to Unreal at 127.0.0.1:55557 (attempt 1/4)...
2026-04-16 14:25:38,462 - UnrealMCP_Advanced - WARNING - [unreal_mcp_server_advanced.py:184] - Connection refused - is Unreal Engine running? (attempt 1)
2026-04-16 14:25:38,462 - UnrealMCP_Advanced - INFO - [unreal_mcp_server_advanced.py:198] - Retrying connection in 0.5s...
2026-04-16 14:25:38,962 - UnrealMCP_Advanced - INFO - [unreal_mcp_server_advanced.py:169] - Connecting to Unreal at 127.0.0.1:55557 (attempt 2/4)...
2026-04-16 14:25:40,996 - UnrealMCP_Advanced - WARNING - [unreal_mcp_server_advanced.py:184] - Connection refused - is Unreal Engine running? (attempt 2)
2026-04-16 14:25:40,997 - UnrealMCP_Advanced - INFO - [unreal_mcp_server_advanced.py:198] - Retrying connection in 1.0s...
2026-04-16 14:25:41,997 - UnrealMCP_Advanced - INFO - [unreal_mcp_server_advanced.py:169] - Connecting to Unreal at 127.0.0.1:55557 (attempt 3/4)...
2026-04-16 14:25:44,024 - UnrealMCP_Advanced - WARNING - [unreal_mcp_server_advanced.py:184] - Connection refused - is Unreal Engine running? (attempt 3)
2026-04-16 14:25:44,025 - UnrealMCP_Advanced - INFO - [unreal_mcp_server_advanced.py:198] - Retrying connection in 2.0s...
2026-04-16 14:25:46,026 - UnrealMCP_Advanced - INFO - [unreal_mcp_server_advanced.py:169] - Connecting to Unreal at 127.0.0.1:55557 (attempt 4/4)...
2026-04-16 14:25:48,083 - UnrealMCP_Advanced - WARNING - [unreal_mcp_server_advanced.py:184] - Connection refused - is Unreal Engine running? (attempt 4)
2026-04-16 14:25:48,083 - UnrealMCP_Advanced - ERROR - [unreal_mcp_server_advanced.py:201] - Failed to connect after 4 attempts. Last error: Connection refused: [WinError 10061] No connection could be made because the target machine actively refused it
2026-04-16 14:25:48,084 - UnrealMCP_Advanced - WARNING - [unreal_mcp_server_advanced.py:336] - Command failed (attempt 4/4): Failed to connect to Unreal Engine: Connection refused: [WinError 10061] No connection could be made because the target machine actively refused it
2026-04-16 14:25:48,084 - UnrealMCP_Advanced - DEBUG - [unreal_mcp_server_advanced.py:222] - Disconnected from Unreal Engine
2026-04-16 14:25:48,085 - mcp.server.lowlevel.server - DEBUG - [server.py:572] - Response sent
2026-04-16 14:25:48,087 - mcp.server.lowlevel.server - DEBUG - [server.py:491] - Received message: <mcp.shared.session.RequestResponder object at 0x00000178D3C4C710>
2026-04-16 14:25:48,087 - mcp.server.lowlevel.server - INFO - [server.py:534] - Processing request of type CallToolRequest
2026-04-16 14:25:48,087 - mcp.server.lowlevel.server - DEBUG - [server.py:537] - Dispatching request of type CallToolRequest
2026-04-16 14:25:48,088 - UnrealMCP_Advanced - INFO - [unreal_mcp_server_advanced.py:169] - Connecting to Unreal at 127.0.0.1:55557 (attempt 1/4)...
2026-04-16 14:25:50,146 - UnrealMCP_Advanced - WARNING - [unreal_mcp_server_advanced.py:184] - Connection refused - is Unreal Engine running? (attempt 1)
2026-04-16 14:25:50,146 - UnrealMCP_Advanced - INFO - [unreal_mcp_server_advanced.py:198] - Retrying connection in 0.5s...
2026-04-16 14:25:50,647 - UnrealMCP_Advanced - INFO - [unreal_mcp_server_advanced.py:169] - Connecting to Unreal at 127.0.0.1:55557 (attempt 2/4)...
2026-04-16 14:25:52,706 - UnrealMCP_Advanced - WARNING - [unreal_mcp_server_advanced.py:184] - Connection refused - is Unreal Engine running? (attempt 2)
2026-04-16 14:25:52,707 - UnrealMCP_Advanced - INFO - [unreal_mcp_server_advanced.py:198] - Retrying connection in 1.0s...
2026-04-16 14:25:53,707 - UnrealMCP_Advanced - INFO - [unreal_mcp_server_advanced.py:169] - Connecting to Unreal at 127.0.0.1:55557 (attempt 3/4)...
2026-04-16 14:25:55,742 - UnrealMCP_Advanced - WARNING - [unreal_mcp_server_advanced.py:184] - Connection refused - is Unreal Engine running? (attempt 3)
2026-04-16 14:25:55,743 - UnrealMCP_Advanced - INFO - [unreal_mcp_server_advanced.py:198] - Retrying connection in 2.0s...
2026-04-16 14:25:57,744 - UnrealMCP_Advanced - INFO - [unreal_mcp_server_advanced.py:169] - Connecting to Unreal at 127.0.0.1:55557 (attempt 4/4)...
2026-04-16 14:25:59,781 - UnrealMCP_Advanced - WARNING - [unreal_mcp_server_advanced.py:184] - Connection refused - is Unreal Engine running? (attempt 4)
2026-04-16 14:25:59,782 - UnrealMCP_Advanced - ERROR - [unreal_mcp_server_advanced.py:201] - Failed to connect after 4 attempts. Last error: Connection refused: [WinError 10061] No connection could be made because the target machine actively refused it
2026-04-16 14:25:59,782 - UnrealMCP_Advanced - WARNING - [unreal_mcp_server_advanced.py:336] - Command failed (attempt 1/4): Failed to connect to Unreal Engine: Connection refused: [WinError 10061] No connection could be made because the target machine actively refused it
2026-04-16 14:25:59,782 - UnrealMCP_Advanced - DEBUG - [unreal_mcp_server_advanced.py:222] - Disconnected from Unreal Engine
2026-04-16 14:25:59,782 - UnrealMCP_Advanced - INFO - [unreal_mcp_server_advanced.py:343] - Retrying command in 0.5s...
2026-04-16 14:26:00,282 - UnrealMCP_Advanced - INFO - [unreal_mcp_server_advanced.py:169] - Connecting to Unreal at 127.0.0.1:55557 (attempt 1/4)...
2026-04-16 14:26:02,327 - UnrealMCP_Advanced - WARNING - [unreal_mcp_server_advanced.py:184] - Connection refused - is Unreal Engine running? (attempt 1)
2026-04-16 14:26:02,328 - UnrealMCP_Advanced - INFO - [unreal_mcp_server_advanced.py:198] - Retrying connection in 0.5s...
2026-04-16 14:26:02,828 - UnrealMCP_Advanced - INFO - [unreal_mcp_server_advanced.py:169] - Connecting to Unreal at 127.0.0.1:55557 (attempt 2/4)...
2026-04-16 14:26:04,876 - UnrealMCP_Advanced - WARNING - [unreal_mcp_server_advanced.py:184] - Connection refused - is Unreal Engine running? (attempt 2)
2026-04-16 14:26:04,876 - UnrealMCP_Advanced - INFO - [unreal_mcp_server_advanced.py:198] - Retrying connection in 1.0s...
2026-04-16 14:26:05,877 - UnrealMCP_Advanced - INFO - [unreal_mcp_server_advanced.py:169] - Connecting to Unreal at 127.0.0.1:55557 (attempt 3/4)...
2026-04-16 14:26:05,877 - UnrealMCP_Advanced - INFO - [unreal_mcp_server_advanced.py:176] - Successfully connected to Unreal Engine
2026-04-16 14:26:05,877 - UnrealMCP_Advanced - INFO - [unreal_mcp_server_advanced.py:384] - Sending command (attempt 2): analyze_blueprint_graph_fast
2026-04-16 14:26:05,877 - UnrealMCP_Advanced - DEBUG - [unreal_mcp_server_advanced.py:385] - Command payload: {"type": "analyze_blueprint_graph_fast", "params": {"blueprint_path": "/Game/Blueprints/AC_TraversalLogic.AC_TraversalLogic", "graph_name": "TryTraversalAction", "include_node_details": true, "include_pin_connections": true, "trace_execution_flow": false}}...
2026-04-16 14:26:06,015 - UnrealMCP_Advanced - INFO - [unreal_mcp_server_advanced.py:286] - Received complete response (252 bytes) for analyze_blueprint_graph_fast
2026-04-16 14:26:06,015 - UnrealMCP_Advanced - INFO - [unreal_mcp_server_advanced.py:402] - Command analyze_blueprint_graph_fast completed successfully
2026-04-16 14:26:06,015 - UnrealMCP_Advanced - WARNING - [unreal_mcp_server_advanced.py:407] - Unreal returned error: Failed to load blueprint: /Game/Blueprints/AC_TraversalLogic.AC_TraversalLogic
2026-04-16 14:26:06,016 - mcp.server.lowlevel.server - DEBUG - [server.py:491] - Received message: <mcp.shared.session.RequestResponder object at 0x00000178D3C4C440>
2026-04-16 14:26:06,017 - mcp.server.lowlevel.server - INFO - [server.py:534] - Processing request of type CallToolRequest
2026-04-16 14:26:06,017 - mcp.server.lowlevel.server - DEBUG - [server.py:537] - Dispatching request of type CallToolRequest
2026-04-16 14:26:06,017 - UnrealMCP_Advanced - INFO - [unreal_mcp_server_advanced.py:169] - Connecting to Unreal at 127.0.0.1:55557 (attempt 1/4)...
2026-04-16 14:26:06,029 - UnrealMCP_Advanced - INFO - [unreal_mcp_server_advanced.py:176] - Successfully connected to Unreal Engine
2026-04-16 14:26:06,029 - UnrealMCP_Advanced - INFO - [unreal_mcp_server_advanced.py:384] - Sending command (attempt 1): get_unreal_context
2026-04-16 14:26:06,029 - UnrealMCP_Advanced - DEBUG - [unreal_mcp_server_advanced.py:385] - Command payload: {"type": "get_unreal_context", "params": {}}...
2026-04-16 14:26:06,553 - UnrealMCP_Advanced - INFO - [unreal_mcp_server_advanced.py:286] - Received complete response (242 bytes) for get_unreal_context
2026-04-16 14:26:06,554 - UnrealMCP_Advanced - INFO - [unreal_mcp_server_advanced.py:402] - Command get_unreal_context completed successfully
2026-04-16 14:26:06,554 - mcp.server.lowlevel.server - DEBUG - [server.py:572] - Response sent
2026-04-16 14:26:06,555 - mcp.server.lowlevel.server - DEBUG - [server.py:572] - Response sent
2026-04-16 14:26:14,470 - mcp.server.lowlevel.server - DEBUG - [server.py:491] - Received message: <mcp.shared.session.RequestResponder object at 0x00000178D3C4C9E0>
2026-04-16 14:26:14,471 - mcp.server.lowlevel.server - INFO - [server.py:534] - Processing request of type CallToolRequest
2026-04-16 14:26:14,471 - mcp.server.lowlevel.server - DEBUG - [server.py:537] - Dispatching request of type CallToolRequest
2026-04-16 14:26:14,471 - UnrealMCP_Advanced - INFO - [unreal_mcp_server_advanced.py:169] - Connecting to Unreal at 127.0.0.1:55557 (attempt 1/4)...
2026-04-16 14:26:14,471 - UnrealMCP_Advanced - INFO - [unreal_mcp_server_advanced.py:176] - Successfully connected to Unreal Engine
2026-04-16 14:26:14,471 - UnrealMCP_Advanced - INFO - [unreal_mcp_server_advanced.py:384] - Sending command (attempt 1): import_blueprint_from_bpy
2026-04-16 14:26:14,471 - UnrealMCP_Advanced - DEBUG - [unreal_mcp_server_advanced.py:385] - Command payload: {"type": "import_blueprint_from_bpy", "params": {"input_path": "F:/project/GameAnimation57/GameAnimationSample/ExportedBlueprints/bpy/AC_TraversalLogic/__bp__.bp.py", "target": "/Game/Blueprints/AC_TraversalLogic_cppfixR47", "overwrite": true, "compile_blueprint": true}}...
2026-04-16 14:26:20,950 - UnrealMCP_Advanced - INFO - [unreal_mcp_server_advanced.py:286] - Received complete response (768 bytes) for import_blueprint_from_bpy
2026-04-16 14:26:20,950 - UnrealMCP_Advanced - INFO - [unreal_mcp_server_advanced.py:402] - Command import_blueprint_from_bpy completed successfully
2026-04-16 14:26:20,950 - UnrealMCP_Advanced - WARNING - [unreal_mcp_server_advanced.py:407] - Unreal returned error: bpy import failed (F:/project/GameAnimation57/GameAnimationSample/ExportedBlueprints/bpy/AC_TraversalLogic/__bp__.bp.py -> /Game/Blueprints/AC_TraversalLogic_cppfixR47): [TryTraversalAction] Default mismatch on node vector + vector [K2Node_PromotableOperator] (guid=21A313E7-4ECF-3458-81D6-95A0E01EF5C1), pin 'B': expected='2' actual=''
2026-04-16 14:26:20,951 - mcp.server.lowlevel.server - DEBUG - [server.py:572] - Response sent
2026-04-16 14:27:29,770 - mcp.server.lowlevel.server - DEBUG - [server.py:491] - Received message: <mcp.shared.session.RequestResponder object at 0x00000178D3C4C0E0>
2026-04-16 14:27:29,770 - mcp.server.lowlevel.server - INFO - [server.py:534] - Processing request of type CallToolRequest
2026-04-16 14:27:29,770 - mcp.server.lowlevel.server - DEBUG - [server.py:537] - Dispatching request of type CallToolRequest
2026-04-16 14:27:29,770 - UnrealMCP_Advanced - INFO - [unreal_mcp_server_advanced.py:169] - Connecting to Unreal at 127.0.0.1:55557 (attempt 1/4)...
2026-04-16 14:27:29,793 - UnrealMCP_Advanced - INFO - [unreal_mcp_server_advanced.py:176] - Successfully connected to Unreal Engine
2026-04-16 14:27:29,794 - UnrealMCP_Advanced - INFO - [unreal_mcp_server_advanced.py:384] - Sending command (attempt 1): run_python
2026-04-16 14:27:29,794 - UnrealMCP_Advanced - DEBUG - [unreal_mcp_server_advanced.py:385] - Command payload: {"type": "run_python", "params": {"code": "import unreal\nbp = unreal.load_asset('/Game/Blueprints/AC_TraversalLogic')\nif not bp:\n    print('load failed')\n    raise RuntimeError('bp missing')\n\ntarget_guids = {\n    '21A313E74ECF345881D695A0E01EF5C1',\n    '2D1BE5F04CC49B225D3A6DBEDE484870',\n    '2C7F4536451C956EFBFE379EC7FE82FF',\n}\n\ndef guid_text(g):\n    s = str(g)\n    return s.replace('-', '').upper()\n\nfunction_graphs = bp.get_editor_property('function_graphs') if hasattr(bp, 'get_...
2026-04-16 14:27:59,800 - UnrealMCP_Advanced - WARNING - [unreal_mcp_server_advanced.py:336] - Command failed (attempt 1/4): Timeout after 30.0s waiting for response to run_python (received 0 bytes)
2026-04-16 14:27:59,800 - UnrealMCP_Advanced - DEBUG - [unreal_mcp_server_advanced.py:222] - Disconnected from Unreal Engine
2026-04-16 14:27:59,800 - UnrealMCP_Advanced - INFO - [unreal_mcp_server_advanced.py:343] - Retrying command in 0.5s...
2026-04-16 14:28:00,300 - UnrealMCP_Advanced - INFO - [unreal_mcp_server_advanced.py:169] - Connecting to Unreal at 127.0.0.1:55557 (attempt 1/4)...
2026-04-16 14:28:00,301 - UnrealMCP_Advanced - INFO - [unreal_mcp_server_advanced.py:176] - Successfully connected to Unreal Engine
2026-04-16 14:28:00,301 - UnrealMCP_Advanced - INFO - [unreal_mcp_server_advanced.py:384] - Sending command (attempt 2): run_python
2026-04-16 14:28:00,301 - UnrealMCP_Advanced - DEBUG - [unreal_mcp_server_advanced.py:385] - Command payload: {"type": "run_python", "params": {"code": "import unreal\nbp = unreal.load_asset('/Game/Blueprints/AC_TraversalLogic')\nif not bp:\n    print('load failed')\n    raise RuntimeError('bp missing')\n\ntarget_guids = {\n    '21A313E74ECF345881D695A0E01EF5C1',\n    '2D1BE5F04CC49B225D3A6DBEDE484870',\n    '2C7F4536451C956EFBFE379EC7FE82FF',\n}\n\ndef guid_text(g):\n    s = str(g)\n    return s.replace('-', '').upper()\n\nfunction_graphs = bp.get_editor_property('function_graphs') if hasattr(bp, 'get_...
2026-04-16 14:28:30,073 - UnrealMCP_Advanced - INFO - [unreal_mcp_server_advanced.py:286] - Received complete response (369390 bytes) for run_python
2026-04-16 14:28:30,076 - UnrealMCP_Advanced - INFO - [unreal_mcp_server_advanced.py:402] - Command run_python completed successfully
2026-04-16 14:28:30,076 - UnrealMCP_Advanced - WARNING - [unreal_mcp_server_advanced.py:407] - Unreal returned error: Traceback (most recent call last):
  File "F:/project/GameAnimation57/GameAnimationSample/Saved/UnrealMCP/PythonExec/DDCDBC014B32619EF4AB0EA31845A5EF/wrapper.py", line 10, in <module>
    exec(compile(source, payload_path, 'exec'), scope, scope)
  File "F:/project/GameAnimation57/GameAnimationSample/Saved/UnrealMCP/PythonExec/DDCDBC014B32619EF4AB0EA31845A5EF/payload.py", line 17, in <module>
    function_graphs = bp.get_editor_property('function_graphs') if hasattr(bp, 'get_editor_property') else []
                      ^^^^^^^^^^^^^^^^^^^^^^^^^^^^^^^^^^^^^^^^^
Exception: Blueprint: Failed to find property 'function_graphs' for attribute 'function_graphs' on 'Blueprint'

2026-04-16 14:28:30,098 - mcp.server.lowlevel.server - DEBUG - [server.py:572] - Response sent
2026-04-16 14:28:41,622 - mcp.server.lowlevel.server - DEBUG - [server.py:491] - Received message: <mcp.shared.session.RequestResponder object at 0x00000178D3C4C680>
2026-04-16 14:28:41,622 - mcp.server.lowlevel.server - INFO - [server.py:534] - Processing request of type CallToolRequest
2026-04-16 14:28:41,623 - mcp.server.lowlevel.server - DEBUG - [server.py:537] - Dispatching request of type CallToolRequest
2026-04-16 14:28:41,624 - UnrealMCP_Advanced - INFO - [unreal_mcp_server_advanced.py:2804] - Getting Blueprint function details: /Game/Blueprints/AC_TraversalLogic.AC_TraversalLogic
2026-04-16 14:28:41,624 - UnrealMCP_Advanced - INFO - [unreal_mcp_server_advanced.py:2806] -   - Specific function: TryTraversalAction
2026-04-16 14:28:41,624 - UnrealMCP_Advanced - INFO - [unreal_mcp_server_advanced.py:169] - Connecting to Unreal at 127.0.0.1:55557 (attempt 1/4)...
2026-04-16 14:28:41,643 - UnrealMCP_Advanced - INFO - [unreal_mcp_server_advanced.py:176] - Successfully connected to Unreal Engine
2026-04-16 14:28:41,644 - UnrealMCP_Advanced - INFO - [unreal_mcp_server_advanced.py:384] - Sending command (attempt 1): get_blueprint_function_details
2026-04-16 14:28:41,644 - UnrealMCP_Advanced - DEBUG - [unreal_mcp_server_advanced.py:385] - Command payload: {"type": "get_blueprint_function_details", "params": {"blueprint_path": "/Game/Blueprints/AC_TraversalLogic.AC_TraversalLogic", "function_name": "TryTraversalAction", "include_graph": true}}...
2026-04-16 14:28:41,975 - UnrealMCP_Advanced - INFO - [unreal_mcp_server_advanced.py:286] - Received complete response (35810 bytes) for get_blueprint_function_details
2026-04-16 14:28:41,976 - UnrealMCP_Advanced - INFO - [unreal_mcp_server_advanced.py:402] - Command get_blueprint_function_details completed successfully
2026-04-16 14:28:41,978 - mcp.server.lowlevel.server - DEBUG - [server.py:572] - Response sent
2026-04-16 14:29:00,624 - mcp.server.lowlevel.server - DEBUG - [server.py:491] - Received message: <mcp.shared.session.RequestResponder object at 0x00000178D3C4CB00>
2026-04-16 14:29:00,625 - mcp.server.lowlevel.server - INFO - [server.py:534] - Processing request of type CallToolRequest
2026-04-16 14:29:00,625 - mcp.server.lowlevel.server - DEBUG - [server.py:537] - Dispatching request of type CallToolRequest
2026-04-16 14:29:00,625 - UnrealMCP_Advanced - INFO - [unreal_mcp_server_advanced.py:169] - Connecting to Unreal at 127.0.0.1:55557 (attempt 1/4)...
2026-04-16 14:29:00,625 - UnrealMCP_Advanced - INFO - [unreal_mcp_server_advanced.py:176] - Successfully connected to Unreal Engine
2026-04-16 14:29:00,625 - UnrealMCP_Advanced - INFO - [unreal_mcp_server_advanced.py:384] - Sending command (attempt 1): analyze_blueprint_graph_fast
2026-04-16 14:29:00,625 - UnrealMCP_Advanced - DEBUG - [unreal_mcp_server_advanced.py:385] - Command payload: {"type": "analyze_blueprint_graph_fast", "params": {"blueprint_path": "/Game/Blueprints/AC_TraversalLogic.AC_TraversalLogic", "graph_name": "TryTraversalAction", "include_node_details": false, "include_pin_connections": false, "trace_execution_flow": false}}...
2026-04-16 14:29:00,964 - UnrealMCP_Advanced - INFO - [unreal_mcp_server_advanced.py:286] - Received complete response (34574 bytes) for analyze_blueprint_graph_fast
2026-04-16 14:29:00,964 - UnrealMCP_Advanced - INFO - [unreal_mcp_server_advanced.py:402] - Command analyze_blueprint_graph_fast completed successfully
2026-04-16 14:29:00,966 - mcp.server.lowlevel.server - DEBUG - [server.py:572] - Response sent
